legacy_table,legacy_column,new_table,new_column
LGST_Accident,,accident,
LGST_Accident,AccidentDate,accident,accident_date
LGST_Accident,AccidentId,accident,accident_id
LGST_Accident,AccidentNo,accident,accident_no
LGST_Accident,AccidentResponsiblePerson,accident,accident_responsible_person
LGST_Accident,CreatedBy,accident,created_by
LGST_Accident,CreatedDate,accident,created_date
LGST_Accident,DriverId,accident,driver_id
LGST_Accident,HumanLoss,accident,human_loss
LGST_Accident,HumanLossDesc,accident,human_loss_desc
LGST_Accident,IsActive,accident,is_active
LGST_Accident,LocationId,accident,location_id
LGST_Accident,ModifiedBy,accident,modified_by
LGST_Accident,ModifiedDate,accident,modified_date
LGST_Accident,OtherLoss,accident,other_loss
LGST_Accident,OtherLossDesc,accident,other_loss_desc
LGST_Accident,ReasonOfAccident,accident,reason_of_accident
LGST_Accident,Remark,accident,remark
LGST_Accident,TotalLoss,accident,total_loss
LGST_Accident,VehicleNo,accident,vehicle_no
LGST_Accident,VehiclePartLoss,accident,vehicle_part_loss
LGST_Accident,VehiclePartLossDesc,accident,vehicle_part_loss_desc
LGST_AccountLedger,,account_ledger,
LGST_AccountLedger,AccLedgerId,account_ledger,acc_ledger_id
LGST_AccountLedger,BranchId,account_ledger,branch_id
LGST_AccountLedger,ClientId,account_ledger,client_id
LGST_AccountLedger,CreatedDate,account_ledger,created_date
LGST_AccountLedger,Createdby,account_ledger,createdby
LGST_AccountLedger,CreditAmount,account_ledger,credit_amount
LGST_AccountLedger,DebitAmount,account_ledger,debit_amount
LGST_AccountLedger,EntryDate,account_ledger,entry_date
LGST_AccountLedger,IPAddress,account_ledger,ip_address
LGST_AccountLedger,IsActive,account_ledger,is_active
LGST_AccountLedger,IsLedgerEntry,account_ledger,is_ledger_entry
LGST_AccountLedger,LedgerId,account_ledger,ledger_id
LGST_AccountLedger,ModifiedDate,account_ledger,modified_date
LGST_AccountLedger,Modifiedby,account_ledger,modifiedby
LGST_AccountLedger,Particular,account_ledger,particular
LGST_AccountLedger,RefType,account_ledger,ref_type
LGST_AccountLedger,ReferenceId,account_ledger,reference_id
LGST_AccountLedger,ReferenceNo,account_ledger,reference_no
LGST_AccountLedger,ReferenceType,account_ledger,reference_type
LGST_AccountLedger,TallyMasterId,account_ledger,tally_master_id
LGST_AccountLedger,TransporterId,account_ledger,transporter_id
LGST_AccountLedger,VoucherNo,account_ledger,voucher_no
LGST_AccountLedger,VoucherType,account_ledger,voucher_type
LGST_AccountLedger_History,,account_ledger_history,
LGST_AccountLedger_History,BranchId,account_ledger_history,branch_id
LGST_AccountLedger_History,ClientId,account_ledger_history,client_id
LGST_AccountLedger_History,CreatedDate,account_ledger_history,created_date
LGST_AccountLedger_History,Createdby,account_ledger_history,createdby
LGST_AccountLedger_History,CreditAmount,account_ledger_history,credit_amount
LGST_AccountLedger_History,DebitAmount,account_ledger_history,debit_amount
LGST_AccountLedger_History,DeletedDate,account_ledger_history,deleted_date
LGST_AccountLedger_History,Deletedby,account_ledger_history,deletedby
LGST_AccountLedger_History,EntryDate,account_ledger_history,entry_date
LGST_AccountLedger_History,IPAddress,account_ledger_history,ip_address
LGST_AccountLedger_History,Id,account_ledger_history,id
LGST_AccountLedger_History,IsActive,account_ledger_history,is_active
LGST_AccountLedger_History,IsLedgerEntry,account_ledger_history,is_ledger_entry
LGST_AccountLedger_History,LedgerId,account_ledger_history,ledger_id
LGST_AccountLedger_History,Particular,account_ledger_history,particular
LGST_AccountLedger_History,RefType,account_ledger_history,ref_type
LGST_AccountLedger_History,ReferenceId,account_ledger_history,reference_id
LGST_AccountLedger_History,ReferenceNo,account_ledger_history,reference_no
LGST_AccountLedger_History,ReferenceType,account_ledger_history,reference_type
LGST_AccountLedger_History,TallyMasterId,account_ledger_history,tally_master_id
LGST_AccountLedger_History,TransporterId,account_ledger_history,transporter_id
LGST_AccountLedger_History,VoucherNo,account_ledger_history,voucher_no
LGST_AccountLedger_History,VoucherType,account_ledger_history,voucher_type
LGST_Agreement,,agreement,
LGST_Agreement,AgreementDate,agreement,agreement_date
LGST_Agreement,AgreementId,agreement,agreement_id
LGST_Agreement,Agreement_Commtted_trips,agreement,agreement_commtted_trips
LGST_Agreement,ApplyRate_Commited_Buss_NotAchieved,agreement,apply_rate_commited_buss_not_achieved
LGST_Agreement,ApprovedBy,agreement,approved_by
LGST_Agreement,ApprovedOnDate,agreement,approved_on_date
LGST_Agreement,CarryingCapacity,agreement,carrying_capacity
LGST_Agreement,CityId,agreement,city_id
LGST_Agreement,ClientId,agreement,client_id
LGST_Agreement,CompanyId,agreement,company_id
LGST_Agreement,CreatedBy,agreement,created_by
LGST_Agreement,CreatedDate,agreement,created_date
LGST_Agreement,DetentionRate,agreement,detention_rate
LGST_Agreement,ExpiryDate,agreement,expiry_date
LGST_Agreement,IsActive,agreement,is_active
LGST_Agreement,LeadGeneratedByBranchId,agreement,lead_generated_by_branch_id
LGST_Agreement,ModifiedBy,agreement,modified_by
LGST_Agreement,ModifiedDate,agreement,modified_date
LGST_Agreement,Rate,agreement,rate
LGST_Agreement,RateInclusiveTax,agreement,rate_inclusive_tax
LGST_Agreement,RateType,agreement,rate_type
LGST_Agreement,StartDate,agreement,start_date
LGST_Announcements,,announcements,
LGST_Announcements,AnnouncementId,announcements,announcement_id
LGST_Announcements,BranchId,announcements,branch_id
LGST_Announcements,CreatedDate,announcements,created_date
LGST_Announcements,Createdby,announcements,createdby
LGST_Announcements,Description,announcements,description
LGST_Announcements,ExpiryDate,announcements,expiry_date
LGST_Announcements,IsActive,announcements,is_active
LGST_Announcements,IsAllUsers,announcements,is_all_users
LGST_Announcements,ModifiedDate,announcements,modified_date
LGST_Announcements,Modifiedby,announcements,modifiedby
LGST_Announcements,RoleId,announcements,role_id
LGST_Announcements,Title,announcements,title
LGST_Announcements,UserId,announcements,user_id
LGST_Announcements_Customer,,announcements_customer,
LGST_Announcements_Customer,AnnouncementId,announcements_customer,announcement_id
LGST_Announcements_Customer,CreatedBy,announcements_customer,created_by
LGST_Announcements_Customer,CreatedDate,announcements_customer,created_date
LGST_Announcements_Customer,CustomerId,announcements_customer,customer_id
LGST_Announcements_Customer,Description,announcements_customer,description
LGST_Announcements_Customer,EndDate,announcements_customer,end_date
LGST_Announcements_Customer,IsActive,announcements_customer,is_active
LGST_Announcements_Customer,ModifiedDate,announcements_customer,modified_date
LGST_Announcements_Customer,Modifiedby,announcements_customer,modifiedby
LGST_Announcements_Customer,StartDate,announcements_customer,start_date
LGST_Announcements_Customer,Title,announcements_customer,title
LGST_BillDetail,,bill_detail,
LGST_BillDetail,AddTotal,bill_detail,add_total
LGST_BillDetail,BillDate,bill_detail,bill_date
LGST_BillDetail,BillId,bill_detail,bill_id
LGST_BillDetail,BillNumber,bill_detail,bill_number
LGST_BillDetail,ClientId,bill_detail,client_id
LGST_BillDetail,CreatedDate,bill_detail,created_date
LGST_BillDetail,Createdby,bill_detail,createdby
LGST_BillDetail,EducationCess,bill_detail,education_cess
LGST_BillDetail,Isactive,bill_detail,isactive
LGST_BillDetail,ModifiedDate,bill_detail,modified_date
LGST_BillDetail,Modifiedby,bill_detail,modifiedby
LGST_BillDetail,NetAmt,bill_detail,net_amt
LGST_BillDetail,PendingAmt,bill_detail,pending_amt
LGST_BillDetail,Remark,bill_detail,remark
LGST_BillDetail,SHEducationalCess,bill_detail,sh_educational_cess
LGST_BillDetail,ServiceTax,bill_detail,service_tax
LGST_BillDetail,SubTotal,bill_detail,sub_total
LGST_BillDetail,SupplyStateId,bill_detail,supply_state_id
LGST_BillDetail,TotalAmt,bill_detail,total_amt
LGST_BillDetail,TransportationType,bill_detail,transportation_type
LGST_BillDetail_09102017,,bill_detail_09102017,
LGST_BillDetail_09102017,AddTotal,bill_detail_09102017,add_total
LGST_BillDetail_09102017,BillDate,bill_detail_09102017,bill_date
LGST_BillDetail_09102017,BillId,bill_detail_09102017,bill_id
LGST_BillDetail_09102017,BillNumber,bill_detail_09102017,bill_number
LGST_BillDetail_09102017,ClientId,bill_detail_09102017,client_id
LGST_BillDetail_09102017,CreatedDate,bill_detail_09102017,created_date
LGST_BillDetail_09102017,Createdby,bill_detail_09102017,createdby
LGST_BillDetail_09102017,EducationCess,bill_detail_09102017,education_cess
LGST_BillDetail_09102017,Isactive,bill_detail_09102017,isactive
LGST_BillDetail_09102017,ModifiedDate,bill_detail_09102017,modified_date
LGST_BillDetail_09102017,Modifiedby,bill_detail_09102017,modifiedby
LGST_BillDetail_09102017,NetAmt,bill_detail_09102017,net_amt
LGST_BillDetail_09102017,PendingAmt,bill_detail_09102017,pending_amt
LGST_BillDetail_09102017,Remark,bill_detail_09102017,remark
LGST_BillDetail_09102017,SHEducationalCess,bill_detail_09102017,sh_educational_cess
LGST_BillDetail_09102017,ServiceTax,bill_detail_09102017,service_tax
LGST_BillDetail_09102017,SubTotal,bill_detail_09102017,sub_total
LGST_BillDetail_09102017,SupplyStateId,bill_detail_09102017,supply_state_id
LGST_BillDetail_09102017,TotalAmt,bill_detail_09102017,total_amt
LGST_BillDetail_09102017,TransportationType,bill_detail_09102017,transportation_type
LGST_BillDetail_Deleted,,bill_detail_deleted,
LGST_BillDetail_Deleted,AddTotal,bill_detail_deleted,add_total
LGST_BillDetail_Deleted,BillDate,bill_detail_deleted,bill_date
LGST_BillDetail_Deleted,BillId,bill_detail_deleted,bill_id
LGST_BillDetail_Deleted,BillNumber,bill_detail_deleted,bill_number
LGST_BillDetail_Deleted,ClientId,bill_detail_deleted,client_id
LGST_BillDetail_Deleted,CreatedDate,bill_detail_deleted,created_date
LGST_BillDetail_Deleted,Createdby,bill_detail_deleted,createdby
LGST_BillDetail_Deleted,DeletedBy,bill_detail_deleted,deleted_by
LGST_BillDetail_Deleted,DeletedDate,bill_detail_deleted,deleted_date
LGST_BillDetail_Deleted,EducationCess,bill_detail_deleted,education_cess
LGST_BillDetail_Deleted,Isactive,bill_detail_deleted,isactive
LGST_BillDetail_Deleted,ModifiedDate,bill_detail_deleted,modified_date
LGST_BillDetail_Deleted,Modifiedby,bill_detail_deleted,modifiedby
LGST_BillDetail_Deleted,NetAmt,bill_detail_deleted,net_amt
LGST_BillDetail_Deleted,PendingAmt,bill_detail_deleted,pending_amt
LGST_BillDetail_Deleted,Remark,bill_detail_deleted,remark
LGST_BillDetail_Deleted,SHEducationalCess,bill_detail_deleted,sh_educational_cess
LGST_BillDetail_Deleted,ServiceTax,bill_detail_deleted,service_tax
LGST_BillDetail_Deleted,SubTotal,bill_detail_deleted,sub_total
LGST_BillDetail_Deleted,SupplyStateId,bill_detail_deleted,supply_state_id
LGST_BillDetail_Deleted,TotalAmt,bill_detail_deleted,total_amt
LGST_BillDetail_Deleted,TransportationType,bill_detail_deleted,transportation_type
LGST_BillLR,,bill_lr,
LGST_BillLR,AddTotal,bill_lr,add_total
LGST_BillLR,BillId,bill_lr,bill_id
LGST_BillLR,CreatedDate,bill_lr,created_date
LGST_BillLR,Createdby,bill_lr,createdby
LGST_BillLR,Damage,bill_lr,damage
LGST_BillLR,DeliveryDate,bill_lr,delivery_date
LGST_BillLR,DetnDB,bill_lr,detn_db
LGST_BillLR,DetnWH,bill_lr,detn_wh
LGST_BillLR,EducationCess,bill_lr,education_cess
LGST_BillLR,FreightAdjAdd,bill_lr,freight_adj_add
LGST_BillLR,FreightAdjSub,bill_lr,freight_adj_sub
LGST_BillLR,Incentive,bill_lr,incentive
LGST_BillLR,Isactive,bill_lr,isactive
LGST_BillLR,LRBillId,bill_lr,lr_bill_id
LGST_BillLR,LRDetailId,bill_lr,lr_detail_id
LGST_BillLR,LatePenalty,bill_lr,late_penalty
LGST_BillLR,ModifiedDate,bill_lr,modified_date
LGST_BillLR,Modifiedby,bill_lr,modifiedby
LGST_BillLR,MultiLoadUnload,bill_lr,multi_load_unload
LGST_BillLR,NetFreight,bill_lr,net_freight
LGST_BillLR,PendingFreight,bill_lr,pending_freight
LGST_BillLR,ReferenceNo,bill_lr,reference_no
LGST_BillLR,SHEducationCess,bill_lr,sh_education_cess
LGST_BillLR,ServiceTax,bill_lr,service_tax
LGST_BillLR,SubTotal,bill_lr,sub_total
LGST_BillLR,TollTax,bill_lr,toll_tax
LGST_BillLR,TotalFreight,bill_lr,total_freight
LGST_BillLR,UnloadCharge,bill_lr,unload_charge
LGST_BillLR_Deleted,,bill_lr_deleted,
LGST_BillLR_Deleted,AddTotal,bill_lr_deleted,add_total
LGST_BillLR_Deleted,BillId,bill_lr_deleted,bill_id
LGST_BillLR_Deleted,CreatedDate,bill_lr_deleted,created_date
LGST_BillLR_Deleted,Createdby,bill_lr_deleted,createdby
LGST_BillLR_Deleted,Damage,bill_lr_deleted,damage
LGST_BillLR_Deleted,DeliveryDate,bill_lr_deleted,delivery_date
LGST_BillLR_Deleted,DetnDB,bill_lr_deleted,detn_db
LGST_BillLR_Deleted,DetnWH,bill_lr_deleted,detn_wh
LGST_BillLR_Deleted,EducationCess,bill_lr_deleted,education_cess
LGST_BillLR_Deleted,FreightAdjAdd,bill_lr_deleted,freight_adj_add
LGST_BillLR_Deleted,FreightAdjSub,bill_lr_deleted,freight_adj_sub
LGST_BillLR_Deleted,Incentive,bill_lr_deleted,incentive
LGST_BillLR_Deleted,Isactive,bill_lr_deleted,isactive
LGST_BillLR_Deleted,LRBillId,bill_lr_deleted,lr_bill_id
LGST_BillLR_Deleted,LRDetailId,bill_lr_deleted,lr_detail_id
LGST_BillLR_Deleted,LatePenalty,bill_lr_deleted,late_penalty
LGST_BillLR_Deleted,ModifiedDate,bill_lr_deleted,modified_date
LGST_BillLR_Deleted,Modifiedby,bill_lr_deleted,modifiedby
LGST_BillLR_Deleted,MultiLoadUnload,bill_lr_deleted,multi_load_unload
LGST_BillLR_Deleted,NetFreight,bill_lr_deleted,net_freight
LGST_BillLR_Deleted,PendingFreight,bill_lr_deleted,pending_freight
LGST_BillLR_Deleted,ReferenceNo,bill_lr_deleted,reference_no
LGST_BillLR_Deleted,SHEducationCess,bill_lr_deleted,sh_education_cess
LGST_BillLR_Deleted,ServiceTax,bill_lr_deleted,service_tax
LGST_BillLR_Deleted,SubTotal,bill_lr_deleted,sub_total
LGST_BillLR_Deleted,TollTax,bill_lr_deleted,toll_tax
LGST_BillLR_Deleted,TotalFreight,bill_lr_deleted,total_freight
LGST_BillLR_Deleted,UnloadCharge,bill_lr_deleted,unload_charge
LGST_Branch,,branch,
LGST_Branch,AllowLRCreate,branch,allow_lr_create
LGST_Branch,AllowReceipt,branch,allow_receipt
LGST_Branch,BranchAddress,branch,branch_address
LGST_Branch,BranchCode,branch,branch_code
LGST_Branch,BranchEmail,branch,branch_email
LGST_Branch,BranchId,branch,branch_id
LGST_Branch,BranchName,branch,branch_name
LGST_Branch,BranchShortCode,branch,branch_short_code
LGST_Branch,CityId,branch,city_id
LGST_Branch,CompanyId,branch,company_id
LGST_Branch,ContactName,branch,contact_name
LGST_Branch,ContactPhone,branch,contact_phone
LGST_Branch,CreatedBy,branch,created_by
LGST_Branch,CreatedDate,branch,created_date
LGST_Branch,GSTNo,branch,gst_no
LGST_Branch,GodownId,branch,godown_id
LGST_Branch,IsActive,branch,is_active
LGST_Branch,IsRailHead,branch,is_rail_head
LGST_Branch,ModifiedBy,branch,modified_by
LGST_Branch,ModifiedDate,branch,modified_date
LGST_Branch,RemarksIfAny,branch,remarks_if_any
LGST_Branch,WeeklyOffDay,branch,weekly_off_day
LGST_Branch,WorkingHours,branch,working_hours
LGST_City,,city,
LGST_City,CityID,city,city_id
LGST_City,CityName,city,city_name
LGST_City,CountryId,city,country_id
LGST_City,CreatedBy,city,created_by
LGST_City,CreatedDate,city,created_date
LGST_City,Description,city,description
LGST_City,IsActive,city,is_active
LGST_City,ModifiedBy,city,modified_by
LGST_City,ModifiedDate,city,modified_date
LGST_City,RemarksIfAny,city,remarks_if_any
LGST_City,StateId,city,state_id
LGST_ClientPaymentReceivedEntry,,client_payment_received_entry,
LGST_ClientPaymentReceivedEntry,AccNo_ChequeNo,client_payment_received_entry,acc_no_cheque_no
LGST_ClientPaymentReceivedEntry,BankName,client_payment_received_entry,bank_name
LGST_ClientPaymentReceivedEntry,BillId,client_payment_received_entry,bill_id
LGST_ClientPaymentReceivedEntry,ChequeDate,client_payment_received_entry,cheque_date
LGST_ClientPaymentReceivedEntry,ClientPaymentId,client_payment_received_entry,client_payment_id
LGST_ClientPaymentReceivedEntry,CreatedDate,client_payment_received_entry,created_date
LGST_ClientPaymentReceivedEntry,Createdby,client_payment_received_entry,createdby
LGST_ClientPaymentReceivedEntry,DamageAmt,client_payment_received_entry,damage_amt
LGST_ClientPaymentReceivedEntry,IsActive,client_payment_received_entry,is_active
LGST_ClientPaymentReceivedEntry,ModifiedDate,client_payment_received_entry,modified_date
LGST_ClientPaymentReceivedEntry,Modifiedby,client_payment_received_entry,modifiedby
LGST_ClientPaymentReceivedEntry,NetAmt,client_payment_received_entry,net_amt
LGST_ClientPaymentReceivedEntry,PaymentMode,client_payment_received_entry,payment_mode
LGST_ClientPaymentReceivedEntry,PendingAmt,client_payment_received_entry,pending_amt
LGST_ClientPaymentReceivedEntry,RateDiffAmt,client_payment_received_entry,rate_diff_amt
LGST_ClientPaymentReceivedEntry,ReceivedAmt,client_payment_received_entry,received_amt
LGST_ClientPaymentReceivedEntry,ReceivedDate,client_payment_received_entry,received_date
LGST_ClientPaymentReceivedEntry,Remark,client_payment_received_entry,remark
LGST_ClientPaymentReceivedEntry,TDS,client_payment_received_entry,tds
LGST_Company,,company,
LGST_Company,CityId,company,city_id
LGST_Company,CompanyAddress,company,company_address
LGST_Company,CompanyId,company,company_id
LGST_Company,CompanyInsideLogo,company,company_inside_logo
LGST_Company,CompanyMainLogo,company,company_main_logo
LGST_Company,CompanyName,company,company_name
LGST_Company,CompanyPAN,company,company_pan
LGST_Company,CompanyTAN,company,company_tan
LGST_Company,ContactPhone,company,contact_phone
LGST_Company,CountryId,company,country_id
LGST_Company,CreatedBy,company,created_by
LGST_Company,CreatedDate,company,created_date
LGST_Company,EstablishmentYear,company,establishment_year
LGST_Company,IsActive,company,is_active
LGST_Company,ModifiedBy,company,modified_by
LGST_Company,ModifiedDate,company,modified_date
LGST_Company,StateId,company,state_id
LGST_ComplaintCategory,,complaint_category,
LGST_ComplaintCategory,CategoryId,complaint_category,category_id
LGST_ComplaintCategory,CategoryName,complaint_category,category_name
LGST_ComplaintCategory,CreatedDate,complaint_category,created_date
LGST_ComplaintCategory,IsActive,complaint_category,is_active
LGST_ComplaintReply,,complaint_reply,
LGST_ComplaintReply,AttachmentUrl,complaint_reply,attachment_url
LGST_ComplaintReply,ComplaintId,complaint_reply,complaint_id
LGST_ComplaintReply,Description,complaint_reply,description
LGST_ComplaintReply,IsActive,complaint_reply,is_active
LGST_ComplaintReply,RepliedBy,complaint_reply,replied_by
LGST_ComplaintReply,RepliedDate,complaint_reply,replied_date
LGST_ComplaintReply,ReplyId,complaint_reply,reply_id
LGST_ComplaintSupport,,complaint_support,
LGST_ComplaintSupport,AttachmentUrl,complaint_support,attachment_url
LGST_ComplaintSupport,CategoryId,complaint_support,category_id
LGST_ComplaintSupport,ClosedBy,complaint_support,closed_by
LGST_ComplaintSupport,ClosedDate,complaint_support,closed_date
LGST_ComplaintSupport,ComplaintDate,complaint_support,complaint_date
LGST_ComplaintSupport,ComplaintId,complaint_support,complaint_id
LGST_ComplaintSupport,CustomerId,complaint_support,customer_id
LGST_ComplaintSupport,Description,complaint_support,description
LGST_ComplaintSupport,IsClosed,complaint_support,is_closed
LGST_ComplaintSupport,Priority,complaint_support,priority
LGST_ComplaintSupport,Status,complaint_support,status
LGST_ComplaintSupport,TicketNo,complaint_support,ticket_no
LGST_Container,,container,
LGST_Container,ContainerId,container,container_id
LGST_Container,ContainerName,container,container_name
LGST_Container,CreatedBy,container,created_by
LGST_Container,CreatedDate,container,created_date
LGST_Container,Description,container,description
LGST_Container,Height,container,height
LGST_Container,IsActive,container,is_active
LGST_Container,Length,container,length
LGST_Container,ModifiedBy,container,modified_by
LGST_Container,ModifiedDate,container,modified_date
LGST_Container,Weight,container,weight
LGST_Container,Width,container,width
LGST_Country,,country,
LGST_Country,CountryId,country,country_id
LGST_Country,CountryName,country,country_name
LGST_Country,CreatedBy,country,created_by
LGST_Country,CreatedDate,country,created_date
LGST_Country,Description,country,description
LGST_Country,IsActive,country,is_active
LGST_Country,LRBookingAllowed,country,lr_booking_allowed
LGST_Country,ModifiedBy,country,modified_by
LGST_Country,ModifiedDate,country,modified_date
LGST_Country,RemarksIfAny,country,remarks_if_any
LGST_Courier,,courier,
LGST_Courier,CourierCharges,courier,courier_charges
LGST_Courier,CourierId,courier,courier_id
LGST_Courier,CourierName,courier,courier_name
LGST_Courier,CreatedBy,courier,created_by
LGST_Courier,CreatedDate,courier,created_date
LGST_Courier,DocketNo,courier,docket_no
LGST_Courier,FromBranchId,courier,from_branch_id
LGST_Courier,IsActive,courier,is_active
LGST_Courier,IsReceived,courier,is_received
LGST_Courier,ModifiedBy,courier,modified_by
LGST_Courier,ModifiedDate,courier,modified_date
LGST_Courier,Perticular,courier,perticular
LGST_Courier,ReceivedDate,courier,received_date
LGST_Courier,ReceivedDateTime,courier,received_date_time
LGST_Courier,ReceivedTime,courier,received_time
LGST_Courier,Receivedby,courier,receivedby
LGST_Courier,Remark,courier,remark
LGST_Courier,SentDate,courier,sent_date
LGST_Courier,SentTime,courier,sent_time
LGST_Courier,ToBranchId,courier,to_branch_id
LGST_Customer,,customer,
LGST_Customer,BSTNo,customer,bst_no
LGST_Customer,BillFormat,customer,bill_format
LGST_Customer,BillingEmail,customer,billing_email
LGST_Customer,CSTNo,customer,cst_no
LGST_Customer,CityId,customer,city_id
LGST_Customer,CompanyContactMobile,customer,company_contact_mobile
LGST_Customer,CompanyContactPerson,customer,company_contact_person
LGST_Customer,ContactName,customer,contact_name
LGST_Customer,ContactPhone,customer,contact_phone
LGST_Customer,CountryId,customer,country_id
LGST_Customer,CreatedBy,customer,created_by
LGST_Customer,CreatedDate,customer,created_date
LGST_Customer,CreditDays,customer,credit_days
LGST_Customer,CustomerID,customer,customer_id
LGST_Customer,CustomerName,customer,customer_name
LGST_Customer,CustomerPAN,customer,customer_pan
LGST_Customer,CustomrAddress,customer,customr_address
LGST_Customer,DisallowedBranches,customer,disallowed_branches
LGST_Customer,DisallownewLRBooking,customer,disallownew_lr_booking
LGST_Customer,GSTNo,customer,gst_no
LGST_Customer,IntrestRateforLatePayment,customer,intrest_ratefor_late_payment
LGST_Customer,IsActive,customer,is_active
LGST_Customer,IsBillWithoutAck,customer,is_bill_without_ack
LGST_Customer,IsDetentionBill,customer,is_detention_bill
LGST_Customer,IsHide,customer,is_hide
LGST_Customer,LRCreditBal,customer,lr_credit_bal
LGST_Customer,LRFormat,customer,lr_format
LGST_Customer,ModifiedBy,customer,modified_by
LGST_Customer,ModifiedDate,customer,modified_date
LGST_Customer,NotiEmail,customer,noti_email
LGST_Customer,OurTDSDeductionRate,customer,our_tds_deduction_rate
LGST_Customer,Password,customer,password
LGST_Customer,PrimaryEmail,customer,primary_email
LGST_Customer,SecondaryEmail,customer,secondary_email
LGST_Customer,ShortName,customer,short_name
LGST_Customer,StateId,customer,state_id
LGST_Customer,VatNo,customer,vat_no
LGST_Customer,companywebsite,customer,companywebsite
LGST_Customer,contactemail,customer,contactemail
LGST_Customer,creditLimit,customer,credit_limit
LGST_CustomerSuggestion,,customer_suggestion,
LGST_CustomerSuggestion,CustomerId,customer_suggestion,customer_id
LGST_CustomerSuggestion,Description,customer_suggestion,description
LGST_CustomerSuggestion,IsActive,customer_suggestion,is_active
LGST_CustomerSuggestion,PostedDate,customer_suggestion,posted_date
LGST_CustomerSuggestion,SuggestionId,customer_suggestion,suggestion_id
LGST_Customer_CreditBal_History,,customer_credit_bal_history,
LGST_Customer_CreditBal_History,Amount,customer_credit_bal_history,amount
LGST_Customer_CreditBal_History,CreatedBy,customer_credit_bal_history,created_by
LGST_Customer_CreditBal_History,CreatedDate,customer_credit_bal_history,created_date
LGST_Customer_CreditBal_History,CustomerId,customer_credit_bal_history,customer_id
LGST_Customer_CreditBal_History,Customer_CreditBal_HistoryId,customer_credit_bal_history,customer_credit_bal_history_id
LGST_Customer_CreditBal_History,IsActive,customer_credit_bal_history,is_active
LGST_Customer_CreditBal_History,LRDetailId,customer_credit_bal_history,lr_detail_id
LGST_Customer_CreditBal_History,ModifiedBy,customer_credit_bal_history,modified_by
LGST_Customer_CreditBal_History,ModifiedDate,customer_credit_bal_history,modified_date
LGST_Customer_CreditBal_History,PaymentId,customer_credit_bal_history,payment_id
LGST_DCAcknowledgment,,dc_acknowledgment,
LGST_DCAcknowledgment,CreatedDate,dc_acknowledgment,created_date
LGST_DCAcknowledgment,Createdby,dc_acknowledgment,createdby
LGST_DCAcknowledgment,DCAckId,dc_acknowledgment,dc_ack_id
LGST_DCAcknowledgment,DChallanId,dc_acknowledgment,d_challan_id
LGST_DCAcknowledgment,DeliveryDate,dc_acknowledgment,delivery_date
LGST_DCAcknowledgment,DeliveryTime,dc_acknowledgment,delivery_time
LGST_DCAcknowledgment,DetentionAmt,dc_acknowledgment,detention_amt
LGST_DCAcknowledgment,DetentionDays,dc_acknowledgment,detention_days
LGST_DCAcknowledgment,IsActive,dc_acknowledgment,is_active
LGST_DCAcknowledgment,ModifiedDate,dc_acknowledgment,modified_date
LGST_DCAcknowledgment,Modifiedby,dc_acknowledgment,modifiedby
LGST_DCAcknowledgment,OtherExpenses,dc_acknowledgment,other_expenses
LGST_DCAcknowledgment,Parking,dc_acknowledgment,parking
LGST_DCAcknowledgment,Remark,dc_acknowledgment,remark
LGST_DCAcknowledgment,ReportingDate,dc_acknowledgment,reporting_date
LGST_DCAcknowledgment,ReportingTime,dc_acknowledgment,reporting_time
LGST_DCAcknowledgment,SupervisorId,dc_acknowledgment,supervisor_id
LGST_DCAcknowledgmentClient,,dc_acknowledgment_client,
LGST_DCAcknowledgmentClient,ComplaintRemark,dc_acknowledgment_client,complaint_remark
LGST_DCAcknowledgmentClient,CreatedBy,dc_acknowledgment_client,created_by
LGST_DCAcknowledgmentClient,CreatedDate,dc_acknowledgment_client,created_date
LGST_DCAcknowledgmentClient,DCAckClientId,dc_acknowledgment_client,dc_ack_client_id
LGST_DCAcknowledgmentClient,DChallanId,dc_acknowledgment_client,d_challan_id
LGST_DCAcknowledgmentClient,DamageAmt,dc_acknowledgment_client,damage_amt
LGST_DCAcknowledgmentClient,DetentionAmt,dc_acknowledgment_client,detention_amt
LGST_DCAcknowledgmentClient,DetentionDays,dc_acknowledgment_client,detention_days
LGST_DCAcknowledgmentClient,IsActive,dc_acknowledgment_client,is_active
LGST_DCAcknowledgmentClient,ReportingDate,dc_acknowledgment_client,reporting_date
LGST_DCAcknowledgmentClient,ReportingTime,dc_acknowledgment_client,reporting_time
LGST_DCAcknowledgmentClient,ShortageAmt,dc_acknowledgment_client,shortage_amt
LGST_DCAcknowledgmentClient,SuggestionRemark,dc_acknowledgment_client,suggestion_remark
LGST_DCAcknowledgmentClient,UnloadingDate,dc_acknowledgment_client,unloading_date
LGST_DCAcknowledgmentClient,UnloadingTime,dc_acknowledgment_client,unloading_time
LGST_DCAcknowledgmentClientItems,,dc_acknowledgment_client_items,
LGST_DCAcknowledgmentClientItems,DCAckClientId,dc_acknowledgment_client_items,dc_ack_client_id
LGST_DCAcknowledgmentClientItems,DCAckClientItemId,dc_acknowledgment_client_items,dc_ack_client_item_id
LGST_DCAcknowledgmentClientItems,DamageQty,dc_acknowledgment_client_items,damage_qty
LGST_DCAcknowledgmentClientItems,LRDetailId,dc_acknowledgment_client_items,lr_detail_id
LGST_DCAcknowledgmentClientItems,LRItemId,dc_acknowledgment_client_items,lr_item_id
LGST_DCAcknowledgmentClientItems,ReceivedQty,dc_acknowledgment_client_items,received_qty
LGST_DCAcknowledgmentClientItems,TotalQty,dc_acknowledgment_client_items,total_qty
LGST_DCAcknowledgmentCollection,,dc_acknowledgment_collection,
LGST_DCAcknowledgmentCollection,CollectionDate,dc_acknowledgment_collection,collection_date
LGST_DCAcknowledgmentCollection,CreatedDate,dc_acknowledgment_collection,created_date
LGST_DCAcknowledgmentCollection,Createdby,dc_acknowledgment_collection,createdby
LGST_DCAcknowledgmentCollection,DCAckCollectionId,dc_acknowledgment_collection,dc_ack_collection_id
LGST_DCAcknowledgmentCollection,DCScanImageUrl,dc_acknowledgment_collection,dc_scan_image_url
LGST_DCAcknowledgmentCollection,DChallanId,dc_acknowledgment_collection,d_challan_id
LGST_DCAcknowledgmentCollection,DamageAmt,dc_acknowledgment_collection,damage_amt
LGST_DCAcknowledgmentCollection,DeliveryDate,dc_acknowledgment_collection,delivery_date
LGST_DCAcknowledgmentCollection,DeliveryTime,dc_acknowledgment_collection,delivery_time
LGST_DCAcknowledgmentCollection,DetentionAmt,dc_acknowledgment_collection,detention_amt
LGST_DCAcknowledgmentCollection,DetentionDays,dc_acknowledgment_collection,detention_days
LGST_DCAcknowledgmentCollection,IsActive,dc_acknowledgment_collection,is_active
LGST_DCAcknowledgmentCollection,LabourCharge,dc_acknowledgment_collection,labour_charge
LGST_DCAcknowledgmentCollection,ModifiedDate,dc_acknowledgment_collection,modified_date
LGST_DCAcknowledgmentCollection,Modifiedby,dc_acknowledgment_collection,modifiedby
LGST_DCAcknowledgmentCollection,OtherExpenses,dc_acknowledgment_collection,other_expenses
LGST_DCAcknowledgmentCollection,Parking,dc_acknowledgment_collection,parking
LGST_DCAcknowledgmentCollection,PaymentMode,dc_acknowledgment_collection,payment_mode
LGST_DCAcknowledgmentCollection,Remark,dc_acknowledgment_collection,remark
LGST_DCAcknowledgmentCollection,ReportingDate,dc_acknowledgment_collection,reporting_date
LGST_DCAcknowledgmentCollection,ReportingTime,dc_acknowledgment_collection,reporting_time
LGST_DCAcknowledgmentCollection,ShortageAmt,dc_acknowledgment_collection,shortage_amt
LGST_DCAcknowledgmentCollection,TransporterId,dc_acknowledgment_collection,transporter_id
LGST_DCAcknowledgmentCollectionItems,,dc_acknowledgment_collection_items,
LGST_DCAcknowledgmentCollectionItems,DCAckCollectionId,dc_acknowledgment_collection_items,dc_ack_collection_id
LGST_DCAcknowledgmentCollectionItems,DCAckCollectionItemId,dc_acknowledgment_collection_items,dc_ack_collection_item_id
LGST_DCAcknowledgmentCollectionItems,DamageQty,dc_acknowledgment_collection_items,damage_qty
LGST_DCAcknowledgmentCollectionItems,LRDetailId,dc_acknowledgment_collection_items,lr_detail_id
LGST_DCAcknowledgmentCollectionItems,LRItemId,dc_acknowledgment_collection_items,lr_item_id
LGST_DCAcknowledgmentCollectionItems,ReceivedQty,dc_acknowledgment_collection_items,received_qty
LGST_DCAcknowledgmentCollectionItems,TotalQty,dc_acknowledgment_collection_items,total_qty
LGST_DCAcknowledgmentItems,,dc_acknowledgment_items,
LGST_DCAcknowledgmentItems,DCAckId,dc_acknowledgment_items,dc_ack_id
LGST_DCAcknowledgmentItems,DCAckItemId,dc_acknowledgment_items,dc_ack_item_id
LGST_DCAcknowledgmentItems,DamageQty,dc_acknowledgment_items,damage_qty
LGST_DCAcknowledgmentItems,LRDetailId,dc_acknowledgment_items,lr_detail_id
LGST_DCAcknowledgmentItems,LRItemId,dc_acknowledgment_items,lr_item_id
LGST_DCAcknowledgmentItems,ReceivedQty,dc_acknowledgment_items,received_qty
LGST_DCAcknowledgmentItems,TotalQty,dc_acknowledgment_items,total_qty
LGST_DCApproved,,dc_approved,
LGST_DCApproved,Advance,dc_approved,advance
LGST_DCApproved,CreatedDate,dc_approved,created_date
LGST_DCApproved,Createdby,dc_approved,createdby
LGST_DCApproved,DCAckId,dc_approved,dc_ack_id
LGST_DCApproved,DCAckType,dc_approved,dc_ack_type
LGST_DCApproved,DCApproveId,dc_approved,dc_approve_id
LGST_DCApproved,DChallanId,dc_approved,d_challan_id
LGST_DCApproved,DamageAmt,dc_approved,damage_amt
LGST_DCApproved,DetentionAmt,dc_approved,detention_amt
LGST_DCApproved,DetentionDays,dc_approved,detention_days
LGST_DCApproved,Freight,dc_approved,freight
LGST_DCApproved,FreightPayable,dc_approved,freight_payable
LGST_DCApproved,IsActive,dc_approved,is_active
LGST_DCApproved,LabourCharge,dc_approved,labour_charge
LGST_DCApproved,OtherExpenses,dc_approved,other_expenses
LGST_DCApproved,ParkingAmt,dc_approved,parking_amt
LGST_DCApproved,ShortageAmt,dc_approved,shortage_amt
LGST_DCApproved,TransporterId,dc_approved,transporter_id
LGST_DCApproved_Deleted,,dc_approved_deleted,
LGST_DCApproved_Deleted,Advance,dc_approved_deleted,advance
LGST_DCApproved_Deleted,CreatedDate,dc_approved_deleted,created_date
LGST_DCApproved_Deleted,Createdby,dc_approved_deleted,createdby
LGST_DCApproved_Deleted,DCAckId,dc_approved_deleted,dc_ack_id
LGST_DCApproved_Deleted,DCAckType,dc_approved_deleted,dc_ack_type
LGST_DCApproved_Deleted,DCApproveId,dc_approved_deleted,dc_approve_id
LGST_DCApproved_Deleted,DChallanId,dc_approved_deleted,d_challan_id
LGST_DCApproved_Deleted,DamageAmt,dc_approved_deleted,damage_amt
LGST_DCApproved_Deleted,DetentionAmt,dc_approved_deleted,detention_amt
LGST_DCApproved_Deleted,DetentionDays,dc_approved_deleted,detention_days
LGST_DCApproved_Deleted,Freight,dc_approved_deleted,freight
LGST_DCApproved_Deleted,FreightPayable,dc_approved_deleted,freight_payable
LGST_DCApproved_Deleted,IsActive,dc_approved_deleted,is_active
LGST_DCApproved_Deleted,LabourCharge,dc_approved_deleted,labour_charge
LGST_DCApproved_Deleted,OtherExpenses,dc_approved_deleted,other_expenses
LGST_DCApproved_Deleted,ParkingAmt,dc_approved_deleted,parking_amt
LGST_DCApproved_Deleted,ShortageAmt,dc_approved_deleted,shortage_amt
LGST_DCApproved_Deleted,TransporterId,dc_approved_deleted,transporter_id
LGST_DCPaySlip,,dc_pay_slip,
LGST_DCPaySlip,CreatedDate,dc_pay_slip,created_date
LGST_DCPaySlip,Createdby,dc_pay_slip,createdby
LGST_DCPaySlip,DCPayslipId,dc_pay_slip,dc_payslip_id
LGST_DCPaySlip,DCPayslipNo,dc_pay_slip,dc_payslip_no
LGST_DCPaySlip,Date,dc_pay_slip,date
LGST_DCPaySlip,IsActive,dc_pay_slip,is_active
LGST_DCPaySlip,NetPayableAmt,dc_pay_slip,net_payable_amt
LGST_DCPaySlip,PendingAmt,dc_pay_slip,pending_amt
LGST_DCPaySlip,Remark,dc_pay_slip,remark
LGST_DCPaySlip,TDSAmt,dc_pay_slip,tds_amt
LGST_DCPaySlip,TotalFreightPayable,dc_pay_slip,total_freight_payable
LGST_DCPaySlip,TransporterId,dc_pay_slip,transporter_id
LGST_DCPaymentEntry,,dc_payment_entry,
LGST_DCPaymentEntry,CreatedBy,dc_payment_entry,created_by
LGST_DCPaymentEntry,CreatedDate,dc_payment_entry,created_date
LGST_DCPaymentEntry,DCPaymentId,dc_payment_entry,dc_payment_id
LGST_DCPaymentEntry,DCPayslipId,dc_payment_entry,dc_payslip_id
LGST_DCPaymentEntry,IsActive,dc_payment_entry,is_active
LGST_DCPaymentEntry,PaidAmt,dc_payment_entry,paid_amt
LGST_DCPaymentEntry,PaidDate,dc_payment_entry,paid_date
LGST_DCPaymentEntry,Remark,dc_payment_entry,remark
LGST_DCPayslipChallan,,dc_payslip_challan,
LGST_DCPayslipChallan,CreatedBy,dc_payslip_challan,created_by
LGST_DCPayslipChallan,CreatedDate,dc_payslip_challan,created_date
LGST_DCPayslipChallan,DCApproveId,dc_payslip_challan,dc_approve_id
LGST_DCPayslipChallan,DCId,dc_payslip_challan,dc_id
LGST_DCPayslipChallan,DCPayslipId,dc_payslip_challan,dc_payslip_id
LGST_DCPayslipChallan,DChallanId,dc_payslip_challan,d_challan_id
LGST_DCPayslipChallan,FreightPayable,dc_payslip_challan,freight_payable
LGST_DCPayslipChallan,PendingFreight,dc_payslip_challan,pending_freight
LGST_DCPayslipChallan,ReferenceNo,dc_payslip_challan,reference_no
LGST_DCPayslipChallan_Deleted,,dc_payslip_challan_deleted,
LGST_DCPayslipChallan_Deleted,CreatedBy,dc_payslip_challan_deleted,created_by
LGST_DCPayslipChallan_Deleted,CreatedDate,dc_payslip_challan_deleted,created_date
LGST_DCPayslipChallan_Deleted,DCApproveId,dc_payslip_challan_deleted,dc_approve_id
LGST_DCPayslipChallan_Deleted,DCId,dc_payslip_challan_deleted,dc_id
LGST_DCPayslipChallan_Deleted,DCPayslipId,dc_payslip_challan_deleted,dc_payslip_id
LGST_DCPayslipChallan_Deleted,DChallanId,dc_payslip_challan_deleted,d_challan_id
LGST_DCPayslipChallan_Deleted,FreightPayable,dc_payslip_challan_deleted,freight_payable
LGST_DCPayslipChallan_Deleted,PendingFreight,dc_payslip_challan_deleted,pending_freight
LGST_DCPayslipChallan_Deleted,ReferenceNo,dc_payslip_challan_deleted,reference_no
LGST_DC_WC,,dc_wc,
LGST_DC_WC,BankName,dc_wc,bank_name
LGST_DC_WC,ChequeDate,dc_wc,cheque_date
LGST_DC_WC,Cheque_AccNo,dc_wc,cheque_acc_no
LGST_DC_WC,CreatedBy,dc_wc,created_by
LGST_DC_WC,CreatedDate,dc_wc,created_date
LGST_DC_WC,DCAmtRK1,dc_wc,dc_amt_rk1
LGST_DC_WC,DCAmtRK2,dc_wc,dc_amt_rk2
LGST_DC_WC,DCHrsRK1,dc_wc,dc_hrs_rk1
LGST_DC_WC,DCHrsRK2,dc_wc,dc_hrs_rk2
LGST_DC_WC,DCLetterDate,dc_wc,dc_letter_date
LGST_DC_WC,DCPer,dc_wc,dc_per
LGST_DC_WC,DCWReceivedDate,dc_wc,dcw_received_date
LGST_DC_WC,DCperHr,dc_wc,d_cper_hr
LGST_DC_WC,IsActive,dc_wc,is_active
LGST_DC_WC,IsWLApproved,dc_wc,is_wl_approved
LGST_DC_WC,IsWLSent,dc_wc,is_wl_sent
LGST_DC_WC,ModifiedBy,dc_wc,modified_by
LGST_DC_WC,ModifiedDate,dc_wc,modified_date
LGST_DC_WC,PaymentMode,dc_wc,payment_mode
LGST_DC_WC,RK_Id,dc_wc,rk_id
LGST_DC_WC,TotalDCAmount,dc_wc,total_dc_amount
LGST_DC_WC,VPScheduleId,dc_wc,vp_schedule_id
LGST_DC_WC,WLReceivedDate,dc_wc,wl_received_date
LGST_DC_WC,WLSendDate,dc_wc,wl_send_date
LGST_DC_WC,WaivelAmt,dc_wc,waivel_amt
LGST_DC_WC,id,dc_wc,id
LGST_DC_WC,wherefareCharge,dc_wc,wherefare_charge
LGST_DGRNDetails,,dgrn_details,
LGST_DGRNDetails,CreatedDate,dgrn_details,created_date
LGST_DGRNDetails,Createdby,dgrn_details,createdby
LGST_DGRNDetails,DGRNId,dgrn_details,dgrn_id
LGST_DGRNDetails,DGRNNo,dgrn_details,dgrn_no
LGST_DGRNDetails,DamageBy,dgrn_details,damage_by
LGST_DGRNDetails,InDate,dgrn_details,in_date
LGST_DGRNDetails,InTime,dgrn_details,in_time
LGST_DGRNDetails,IsActive,dgrn_details,is_active
LGST_DGRNDetails,IsLChargePaid,dgrn_details,is_l_charge_paid
LGST_DGRNDetails,LabourCharge,dgrn_details,labour_charge
LGST_DGRNDetails,LabourCount,dgrn_details,labour_count
LGST_DGRNDetails,LabourId,dgrn_details,labour_id
LGST_DGRNDetails,ModifiedDate,dgrn_details,modified_date
LGST_DGRNDetails,Modifiedby,dgrn_details,modifiedby
LGST_DGRNDetails,OutDate,dgrn_details,out_date
LGST_DGRNDetails,OutTime,dgrn_details,out_time
LGST_DGRNDetails,PaymentDate,dgrn_details,payment_date
LGST_DGRNDetails,PaymentNo,dgrn_details,payment_no
LGST_DGRNDetails,PaymentPaidBy,dgrn_details,payment_paid_by
LGST_DGRNDetails,Remark,dgrn_details,remark
LGST_DGRNDetails,Supervisorid,dgrn_details,supervisorid
LGST_DGRNDetails,TDSAmt,dgrn_details,tds_amt
LGST_DGRNDetails,TDSPer,dgrn_details,tds_per
LGST_DGRNDetails,VPId,dgrn_details,vp_id
LGST_DGRNDetails,VPNo,dgrn_details,vp_no
LGST_DGRNDetails,VPScheduleId,dgrn_details,vp_schedule_id
LGST_DGRNDetails,WagonId,dgrn_details,wagon_id
LGST_DGRNItems,,dgrn_items,
LGST_DGRNItems,DGRNId,dgrn_items,dgrn_id
LGST_DGRNItems,DGRNItemId,dgrn_items,dgrn_item_id
LGST_DGRNItems,DamageQty,dgrn_items,damage_qty
LGST_DGRNItems,ItemId,dgrn_items,item_id
LGST_DGRNItems,LRDetailId,dgrn_items,lr_detail_id
LGST_DGRNItems,PendingQty,dgrn_items,pending_qty
LGST_DGRNItems,ReceivedQty,dgrn_items,received_qty
LGST_DGRNItems,TotalQty,dgrn_items,total_qty
LGST_DGRNUploads,,dgrn_uploads,
LGST_DGRNUploads,Caption,dgrn_uploads,caption
LGST_DGRNUploads,CreatedDate,dgrn_uploads,created_date
LGST_DGRNUploads,Createdby,dgrn_uploads,createdby
LGST_DGRNUploads,DGRNId,dgrn_uploads,dgrn_id
LGST_DGRNUploads,Fid,dgrn_uploads,fid
LGST_DGRNUploads,IsActive,dgrn_uploads,is_active
LGST_DGRNUploads,ModifiedDate,dgrn_uploads,modified_date
LGST_DGRNUploads,Modifiedby,dgrn_uploads,modifiedby
LGST_DGRNUploads,Name,dgrn_uploads,name
LGST_DGRNUploads,Path,dgrn_uploads,path
LGST_DGRNUploads,Size,dgrn_uploads,size
LGST_DGRNUploads,Type,dgrn_uploads,type
LGST_DeliveryChallan,,delivery_challan,
LGST_DeliveryChallan,AdvPaidTransporterId,delivery_challan,adv_paid_transporter_id
LGST_DeliveryChallan,Advance,delivery_challan,advance
LGST_DeliveryChallan,Balance,delivery_challan,balance
LGST_DeliveryChallan,CreatedDate,delivery_challan,created_date
LGST_DeliveryChallan,Createdby,delivery_challan,createdby
LGST_DeliveryChallan,DChallanId,delivery_challan,d_challan_id
LGST_DeliveryChallan,DChallanNo,delivery_challan,d_challan_no
LGST_DeliveryChallan,DeliveryAddress,delivery_challan,delivery_address
LGST_DeliveryChallan,DestinationId,delivery_challan,destination_id
LGST_DeliveryChallan,DriverName,delivery_challan,driver_name
LGST_DeliveryChallan,Freight,delivery_challan,freight
LGST_DeliveryChallan,Hamali,delivery_challan,hamali
LGST_DeliveryChallan,IsActive,delivery_challan,is_active
LGST_DeliveryChallan,IsConnected,delivery_challan,is_connected
LGST_DeliveryChallan,IsFreightPaid,delivery_challan,is_freight_paid
LGST_DeliveryChallan,IsSelfDelivery,delivery_challan,is_self_delivery
LGST_DeliveryChallan,LoadingDate,delivery_challan,loading_date
LGST_DeliveryChallan,LoadingTime,delivery_challan,loading_time
LGST_DeliveryChallan,MobileNo,delivery_challan,mobile_no
LGST_DeliveryChallan,ModifiedDate,delivery_challan,modified_date
LGST_DeliveryChallan,Modifiedby,delivery_challan,modifiedby
LGST_DeliveryChallan,NetPaidAmt,delivery_challan,net_paid_amt
LGST_DeliveryChallan,OtherDeduction,delivery_challan,other_deduction
LGST_DeliveryChallan,OtherExpenses,delivery_challan,other_expenses
LGST_DeliveryChallan,PaymentDate,delivery_challan,payment_date
LGST_DeliveryChallan,PaymentMode,delivery_challan,payment_mode
LGST_DeliveryChallan,PaymentNo,delivery_challan,payment_no
LGST_DeliveryChallan,PaymentPaidBy,delivery_challan,payment_paid_by
LGST_DeliveryChallan,Remark,delivery_challan,remark
LGST_DeliveryChallan,SourceId,delivery_challan,source_id
LGST_DeliveryChallan,SupervisorId,delivery_challan,supervisor_id
LGST_DeliveryChallan,TDSAmt,delivery_challan,tds_amt
LGST_DeliveryChallan,TDSper,delivery_challan,td_sper
LGST_DeliveryChallan,TransporterId,delivery_challan,transporter_id
LGST_DeliveryChallan,TripId,delivery_challan,trip_id
LGST_DeliveryChallan,TruckId,delivery_challan,truck_id
LGST_DeliveryChallan,VPScheduleId,delivery_challan,vp_schedule_id
LGST_DeliveryChallan,truckCapacity,delivery_challan,truck_capacity
LGST_DeliveryChallan,weight,delivery_challan,weight
LGST_DeliveryChallanComments,,delivery_challan_comments,
LGST_DeliveryChallanComments,Comments,delivery_challan_comments,comments
LGST_DeliveryChallanComments,CreatedBy,delivery_challan_comments,created_by
LGST_DeliveryChallanComments,CreatedDate,delivery_challan_comments,created_date
LGST_DeliveryChallanComments,DCCommentId,delivery_challan_comments,dc_comment_id
LGST_DeliveryChallanComments,DChallanId,delivery_challan_comments,d_challan_id
LGST_DeliveryChallanItems,,delivery_challan_items,
LGST_DeliveryChallanItems,DChallanId,delivery_challan_items,d_challan_id
LGST_DeliveryChallanItems,DChallanItemId,delivery_challan_items,d_challan_item_id
LGST_DeliveryChallanItems,DGRNItemId,delivery_challan_items,dgrn_item_id
LGST_DeliveryChallanItems,ItemId,delivery_challan_items,item_id
LGST_DeliveryChallanItems,LRDetailId,delivery_challan_items,lr_detail_id
LGST_DeliveryChallanItems,LoadQty,delivery_challan_items,load_qty
LGST_DeliveryChallanItems,OldDChallanItemId,delivery_challan_items,old_d_challan_item_id
LGST_DeliveryChallanItems,PendingQty,delivery_challan_items,pending_qty
LGST_DeliveryChallanItems,Qty,delivery_challan_items,qty
LGST_DeliveryChallanItems,VPId,delivery_challan_items,vp_id
LGST_DeliveryChallanItems,VPNo,delivery_challan_items,vp_no
LGST_Department,,department,
LGST_Department,BranchId,department,branch_id
LGST_Department,CompanyId,department,company_id
LGST_Department,CreatedBy,department,created_by
LGST_Department,CreatedDate,department,created_date
LGST_Department,DepartmentId,department,department_id
LGST_Department,DepartmentName,department,department_name
LGST_Department,Description,department,description
LGST_Department,IsActive,department,is_active
LGST_Department,ModifiedBy,department,modified_by
LGST_Department,ModifiedDate,department,modified_date
LGST_Department,RemarksIfAny,department,remarks_if_any
LGST_Designation,,designation,
LGST_Designation,CreatedBy,designation,created_by
LGST_Designation,CreatedDate,designation,created_date
LGST_Designation,Description,designation,description
LGST_Designation,DesignationId,designation,designation_id
LGST_Designation,DesignationName,designation,designation_name
LGST_Designation,ExpApprovalLimit,designation,exp_approval_limit
LGST_Designation,IsActive,designation,is_active
LGST_Designation,ModifiedBy,designation,modified_by
LGST_Designation,ModifiedDate,designation,modified_date
LGST_Designation,Powered_Designation,designation,powered_designation
LGST_Designation,SeniorMgmtPos,designation,senior_mgmt_pos
LGST_Document,,document,
LGST_Document,CreatedBy,document,created_by
LGST_Document,CreatedDate,document,created_date
LGST_Document,DocumentId,document,document_id
LGST_Document,DocumentName,document,document_name
LGST_Document,DocumentPath,document,document_path
LGST_Document,DocumentType,document,document_type
LGST_Document,IsActive,document,is_active
LGST_Document,ModifiedBy,document,modified_by
LGST_Document,ModifiedDate,document,modified_date
LGST_Document,RemarksIfAny,document,remarks_if_any
LGST_Driver,,driver,
LGST_Driver,AadharCardNumber,driver,aadhar_card_number
LGST_Driver,AlternateMobileNo,driver,alternate_mobile_no
LGST_Driver,AnniversaryDate,driver,anniversary_date
LGST_Driver,BirthDate,driver,birth_date
LGST_Driver,BloodGroup,driver,blood_group
LGST_Driver,CorrespondenceAddress,driver,correspondence_address
LGST_Driver,CorrespondenceCityId,driver,correspondence_city_id
LGST_Driver,CorrespondenceCountryId,driver,correspondence_country_id
LGST_Driver,CorrespondenceStateId,driver,correspondence_state_id
LGST_Driver,CreatedBy,driver,created_by
LGST_Driver,CreatedDate,driver,created_date
LGST_Driver,DriverId,driver,driver_id
LGST_Driver,DriverName,driver,driver_name
LGST_Driver,DriverPhoto,driver,driver_photo
LGST_Driver,DriverType,driver,driver_type
LGST_Driver,ExpiryDate,driver,expiry_date
LGST_Driver,IsActive,driver,is_active
LGST_Driver,IsBlackListed,driver,is_black_listed
LGST_Driver,IsOnLeave,driver,is_on_leave
LGST_Driver,LandlineCorrespondent,driver,landline_correspondent
LGST_Driver,LandlinePermanent,driver,landline_permanent
LGST_Driver,LicenseCityId,driver,license_city_id
LGST_Driver,LicenseDate,driver,license_date
LGST_Driver,LicenseNo,driver,license_no
LGST_Driver,MobileNo,driver,mobile_no
LGST_Driver,ModifiedBy,driver,modified_by
LGST_Driver,ModifiedDate,driver,modified_date
LGST_Driver,No_TDS_Apply_Amount,driver,no_tds_apply_amount
LGST_Driver,PAN,driver,pan
LGST_Driver,Particulars,driver,particulars
LGST_Driver,PemanentAddress,driver,pemanent_address
LGST_Driver,PemanentCityId,driver,pemanent_city_id
LGST_Driver,PemanentCountryId,driver,pemanent_country_id
LGST_Driver,PemanentStateId,driver,pemanent_state_id
LGST_Driver,RefContactNo,driver,ref_contact_no
LGST_Driver,RefPersonName,driver,ref_person_name
LGST_Driver,RemarksIfAny,driver,remarks_if_any
LGST_Driver,Salary,driver,salary
LGST_Driver,TDSRate,driver,tds_rate
LGST_Driver_Acc_History,,driver_acc_history,
LGST_Driver_Acc_History,Acci_CreatedBy,driver_acc_history,acci_created_by
LGST_Driver_Acc_History,Acci_CreatedDate,driver_acc_history,acci_created_date
LGST_Driver_Acc_History,Acci_Date,driver_acc_history,acci_date
LGST_Driver_Acc_History,Acci_Details,driver_acc_history,acci_details
LGST_Driver_Acc_History,Acci_DriverId,driver_acc_history,acci_driver_id
LGST_Driver_Acc_History,Acci_FIRRecorded,driver_acc_history,acci_fir_recorded
LGST_Driver_Acc_History,Acci_HistoryId,driver_acc_history,acci_history_id
LGST_Driver_Acc_History,Acci_IsActive,driver_acc_history,acci_is_active
LGST_Driver_Acc_History,Acci_ModifiedBy,driver_acc_history,acci_modified_by
LGST_Driver_Acc_History,Acci_ModifiedDate,driver_acc_history,acci_modified_date
LGST_Driver_Leave_History,,driver_leave_history,
LGST_Driver_Leave_History,Lv_ApprovedByEmployeeId,driver_leave_history,lv_approved_by_employee_id
LGST_Driver_Leave_History,Lv_CreatedBy,driver_leave_history,lv_created_by
LGST_Driver_Leave_History,Lv_CreatedDate,driver_leave_history,lv_created_date
LGST_Driver_Leave_History,Lv_DriverId,driver_leave_history,lv_driver_id
LGST_Driver_Leave_History,Lv_FromDate,driver_leave_history,lv_from_date
LGST_Driver_Leave_History,Lv_IsActive,driver_leave_history,lv_is_active
LGST_Driver_Leave_History,Lv_LeaveId,driver_leave_history,lv_leave_id
LGST_Driver_Leave_History,Lv_ModifiedBy,driver_leave_history,lv_modified_by
LGST_Driver_Leave_History,Lv_ModifiedDate,driver_leave_history,lv_modified_date
LGST_Driver_Leave_History,Lv_Reason,driver_leave_history,lv_reason
LGST_Driver_Leave_History,Lv_ToDate,driver_leave_history,lv_to_date
LGST_Employee,,employee,
LGST_Employee,AniversaryDate,employee,aniversary_date
LGST_Employee,BloodGrp,employee,blood_grp
LGST_Employee,BranchId,employee,branch_id
LGST_Employee,Caste,employee,caste
LGST_Employee,CompanyId,employee,company_id
LGST_Employee,CorrAddress,employee,corr_address
LGST_Employee,CorrCityId,employee,corr_city_id
LGST_Employee,CorrCountryId,employee,corr_country_id
LGST_Employee,CorrPin,employee,corr_pin
LGST_Employee,CorrStateId,employee,corr_state_id
LGST_Employee,CreatedBy,employee,created_by
LGST_Employee,CreatedDate,employee,created_date
LGST_Employee,DOB,employee,dob
LGST_Employee,DepartmentId,employee,department_id
LGST_Employee,DesignationId,employee,designation_id
LGST_Employee,EmployeeId,employee,employee_id
LGST_Employee,FacebookId,employee,facebook_id
LGST_Employee,FirstName,employee,first_name
LGST_Employee,Gender,employee,gender
LGST_Employee,IsActive,employee,is_active
LGST_Employee,IsBlackListed,employee,is_black_listed
LGST_Employee,JoiningDate,employee,joining_date
LGST_Employee,LastName,employee,last_name
LGST_Employee,MarriatalStatus,employee,marriatal_status
LGST_Employee,MiddleName,employee,middle_name
LGST_Employee,MobileNumber,employee,mobile_number
LGST_Employee,ModifiedBy,employee,modified_by
LGST_Employee,ModifiedDate,employee,modified_date
LGST_Employee,PayrollNo,employee,payroll_no
LGST_Employee,PermAddress,employee,perm_address
LGST_Employee,PermCityId,employee,perm_city_id
LGST_Employee,PermCountryId,employee,perm_country_id
LGST_Employee,PermPin,employee,perm_pin
LGST_Employee,PermStateId,employee,perm_state_id
LGST_Employee,PersonalEmail,employee,personal_email
LGST_Employee,Photo,employee,photo
LGST_Employee,PhysicalAppearance,employee,physical_appearance
LGST_Employee,PrevEmployer,employee,prev_employer
LGST_Employee,PromotionRecord,employee,promotion_record
LGST_Employee,ResLandlineNumber,employee,res_landline_number
LGST_Employee,Salutation,employee,salutation
LGST_Employee,TotalExp,employee,total_exp
LGST_Employee,WorkEmail,employee,work_email
LGST_EmployeeDetails,,employee_details,
LGST_EmployeeDetails,CreatedBy,employee_details,created_by
LGST_EmployeeDetails,CreatedDate,employee_details,created_date
LGST_EmployeeDetails,DepartmentId,employee_details,department_id
LGST_EmployeeDetails,DesignationId,employee_details,designation_id
LGST_EmployeeDetails,EmpDetailsId,employee_details,emp_details_id
LGST_EmployeeDetails,EmployeeId,employee_details,employee_id
LGST_EmployeeDetails,IsActive,employee_details,is_active
LGST_EmployeeDetails,ModifiedBy,employee_details,modified_by
LGST_EmployeeDetails,ModifiedDate,employee_details,modified_date
LGST_ExpenseType,,expense_type,
LGST_ExpenseType,CreatedBy,expense_type,created_by
LGST_ExpenseType,CreatedDate,expense_type,created_date
LGST_ExpenseType,DisallowedBranches,expense_type,disallowed_branches
LGST_ExpenseType,ExpenseApplicable,expense_type,expense_applicable
LGST_ExpenseType,ExpenseApplicableFor,expense_type,expense_applicable_for
LGST_ExpenseType,ExpenseLimit1,expense_type,expense_limit1
LGST_ExpenseType,ExpenseLimit2,expense_type,expense_limit2
LGST_ExpenseType,ExpenseLimit3,expense_type,expense_limit3
LGST_ExpenseType,ExpenseLimit4,expense_type,expense_limit4
LGST_ExpenseType,ExpenseMode,expense_type,expense_mode
LGST_ExpenseType,ExpenseName,expense_type,expense_name
LGST_ExpenseType,ExpenseTypeId,expense_type,expense_type_id
LGST_ExpenseType,IsActive,expense_type,is_active
LGST_ExpenseType,LedgerName,expense_type,ledger_name
LGST_ExpenseType,ModifiedBy,expense_type,modified_by
LGST_ExpenseType,ModifiedDate,expense_type,modified_date
LGST_GRNDetails,,grn_details,
LGST_GRNDetails,BranchId,grn_details,branch_id
LGST_GRNDetails,CreatedDate,grn_details,created_date
LGST_GRNDetails,Createdby,grn_details,createdby
LGST_GRNDetails,Damageby,grn_details,damageby
LGST_GRNDetails,DetentionAmt,grn_details,detention_amt
LGST_GRNDetails,DetentionDays,grn_details,detention_days
LGST_GRNDetails,FreightPerMT,grn_details,freight_per_mt
LGST_GRNDetails,GRNNo,grn_details,grn_no
LGST_GRNDetails,GRNid,grn_details,gr_nid
LGST_GRNDetails,GateNo,grn_details,gate_no
LGST_GRNDetails,GrossAmt,grn_details,gross_amt
LGST_GRNDetails,InDate,grn_details,in_date
LGST_GRNDetails,InTime,grn_details,in_time
LGST_GRNDetails,InvoiceNoRmk,grn_details,invoice_no_rmk
LGST_GRNDetails,IsActive,grn_details,is_active
LGST_GRNDetails,IsInvoiceNo,grn_details,is_invoice_no
LGST_GRNDetails,IsKataReceipt,grn_details,is_kata_receipt
LGST_GRNDetails,IsLChargePaid,grn_details,is_l_charge_paid
LGST_GRNDetails,IsLRCopy,grn_details,is_lr_copy
LGST_GRNDetails,IsSealNo,grn_details,is_seal_no
LGST_GRNDetails,IsWayBill,grn_details,is_way_bill
LGST_GRNDetails,KataReceiptRmk,grn_details,kata_receipt_rmk
LGST_GRNDetails,LAdvance,grn_details,l_advance
LGST_GRNDetails,LDamage,grn_details,l_damage
LGST_GRNDetails,LHamali,grn_details,l_hamali
LGST_GRNDetails,LRCopyRmk,grn_details,lr_copy_rmk
LGST_GRNDetails,LRDetailId,grn_details,lr_detail_id
LGST_GRNDetails,LStationary,grn_details,l_stationary
LGST_GRNDetails,LTds,grn_details,l_tds
LGST_GRNDetails,LabourCharge,grn_details,labour_charge
LGST_GRNDetails,LabourCount,grn_details,labour_count
LGST_GRNDetails,LabourId,grn_details,labour_id
LGST_GRNDetails,ModifiedDate,grn_details,modified_date
LGST_GRNDetails,Modifiedby,grn_details,modifiedby
LGST_GRNDetails,NetAmt,grn_details,net_amt
LGST_GRNDetails,OutDate,grn_details,out_date
LGST_GRNDetails,OutTime,grn_details,out_time
LGST_GRNDetails,PaymentDate,grn_details,payment_date
LGST_GRNDetails,PaymentNo,grn_details,payment_no
LGST_GRNDetails,PaymentPaidBy,grn_details,payment_paid_by
LGST_GRNDetails,Remark,grn_details,remark
LGST_GRNDetails,SealNoRmk,grn_details,seal_no_rmk
LGST_GRNDetails,Supervisorid,grn_details,supervisorid
LGST_GRNDetails,TDSAmt,grn_details,tds_amt
LGST_GRNDetails,TDSPer,grn_details,tds_per
LGST_GRNDetails,TotalFreight,grn_details,total_freight
LGST_GRNDetails,UnloadingTime,grn_details,unloading_time
LGST_GRNDetails,WayBillRmk,grn_details,way_bill_rmk
LGST_GRNItems,,grn_items,
LGST_GRNItems,DamageQty,grn_items,damage_qty
LGST_GRNItems,GRNid,grn_items,gr_nid
LGST_GRNItems,LRDetailId,grn_items,lr_detail_id
LGST_GRNItems,LRItemId,grn_items,lr_item_id
LGST_GRNItems,PendingQty,grn_items,pending_qty
LGST_GRNItems,ReceivedQty,grn_items,received_qty
LGST_GRNItems,Remark,grn_items,remark
LGST_GRNItems,TotalQty,grn_items,total_qty
LGST_GRNItems,id,grn_items,id
LGST_GRNUploads,,grn_uploads,
LGST_GRNUploads,Caption,grn_uploads,caption
LGST_GRNUploads,Fid,grn_uploads,fid
LGST_GRNUploads,GRNid,grn_uploads,gr_nid
LGST_GRNUploads,Name,grn_uploads,name
LGST_GRNUploads,Path,grn_uploads,path
LGST_GRNUploads,Size,grn_uploads,size
LGST_GRNUploads,Type,grn_uploads,type
LGST_Godowns,,godowns,
LGST_Godowns,AgreementDate,godowns,agreement_date
LGST_Godowns,BranchId,godowns,branch_id
LGST_Godowns,Breadth,godowns,breadth
LGST_Godowns,CityId,godowns,city_id
LGST_Godowns,ContactName,godowns,contact_name
LGST_Godowns,ContactPhone,godowns,contact_phone
LGST_Godowns,CountryID,godowns,country_id
LGST_Godowns,CreatedBy,godowns,created_by
LGST_Godowns,CreatedDate,godowns,created_date
LGST_Godowns,ExpiryDate,godowns,expiry_date
LGST_Godowns,GateNo,godowns,gate_no
LGST_Godowns,GodownAddress,godowns,godown_address
LGST_Godowns,GodownId,godowns,godown_id
LGST_Godowns,GodownName,godowns,godown_name
LGST_Godowns,GodownType,godowns,godown_type
LGST_Godowns,IsActive,godowns,is_active
LGST_Godowns,Length,godowns,length
LGST_Godowns,ModifiedBy,godowns,modified_by
LGST_Godowns,ModifiedDate,godowns,modified_date
LGST_Godowns,MonthlyRent,godowns,monthly_rent
LGST_Godowns,RemarksIfAny,godowns,remarks_if_any
LGST_Godowns,SecurityDeposite,godowns,security_deposite
LGST_Godowns,StateId,godowns,state_id
LGST_Godowns,StorageCapcity,godowns,storage_capcity
LGST_Godowns,Width,godowns,width
LGST_Goods,,goods,
LGST_Goods,CreatedBy,goods,created_by
LGST_Goods,CreatedDate,goods,created_date
LGST_Goods,GoodCategory,goods,good_category
LGST_Goods,GoodsDescription,goods,goods_description
LGST_Goods,GoodsId,goods,goods_id
LGST_Goods,GoodsName,goods,goods_name
LGST_Goods,Height,goods,height
LGST_Goods,IsActive,goods,is_active
LGST_Goods,IsStackingAllowed,goods,is_stacking_allowed
LGST_Goods,Length,goods,length
LGST_Goods,ModifiedBy,goods,modified_by
LGST_Goods,ModifiedDate,goods,modified_date
LGST_Goods,StackAllowedCategory,goods,stack_allowed_category
LGST_Goods,StorageLayer,goods,storage_layer
LGST_Goods,StoragePosition,goods,storage_position
LGST_Goods,Weight,goods,weight
LGST_Goods,WeightUnitId,goods,weight_unit_id
LGST_Goods,Width,goods,width
LGST_Hamali,,hamali,
LGST_Hamali,BranchId,hamali,branch_id
LGST_Hamali,ClientId,hamali,client_id
LGST_Hamali,CreatedBy,hamali,created_by
LGST_Hamali,CreatedDate,hamali,created_date
LGST_Hamali,HamaliId,hamali,hamali_id
LGST_Hamali,HamaliUse,hamali,hamali_use
LGST_Hamali,IsActive,hamali,is_active
LGST_Hamali,ItemId,hamali,item_id
LGST_Hamali,ModifiedBy,hamali,modified_by
LGST_Hamali,ModifiedDate,hamali,modified_date
LGST_Hamali,Rate,hamali,rate
LGST_Hamali,UnitId,hamali,unit_id
LGST_InitiateOrder,,initiate_order,
LGST_InitiateOrder,BillingAmt,initiate_order,billing_amt
LGST_InitiateOrder,BillingUnitId,initiate_order,billing_unit_id
LGST_InitiateOrder,CityId,initiate_order,city_id
LGST_InitiateOrder,ClientId,initiate_order,client_id
LGST_InitiateOrder,CompanyId,initiate_order,company_id
LGST_InitiateOrder,CreatedBy,initiate_order,created_by
LGST_InitiateOrder,CreatedDate,initiate_order,created_date
LGST_InitiateOrder,FromBranchAddress,initiate_order,from_branch_address
LGST_InitiateOrder,FromBranchId,initiate_order,from_branch_id
LGST_InitiateOrder,InitiateOrderId,initiate_order,initiate_order_id
LGST_InitiateOrder,Instructions,initiate_order,instructions
LGST_InitiateOrder,IsActive,initiate_order,is_active
LGST_InitiateOrder,IsLRCreated,initiate_order,is_lr_created
LGST_InitiateOrder,IsOrderCompleted,initiate_order,is_order_completed
LGST_InitiateOrder,ModifiedBy,initiate_order,modified_by
LGST_InitiateOrder,ModifiedDate,initiate_order,modified_date
LGST_InitiateOrder,OrderBy,initiate_order,order_by
LGST_InitiateOrder,OrderId,initiate_order,order_id
LGST_InitiateOrder,OrderStatus,initiate_order,order_status
LGST_InitiateOrder,PersonEmail,initiate_order,person_email
LGST_InitiateOrder,PersonName,initiate_order,person_name
LGST_InitiateOrder,PersonPhoneNumber,initiate_order,person_phone_number
LGST_InitiateOrder,Pickupdate,initiate_order,pickupdate
LGST_InitiateOrder,RemainingTruckQty,initiate_order,remaining_truck_qty
LGST_InitiateOrder,ToBranchAddress,initiate_order,to_branch_address
LGST_InitiateOrder,ToBranchId,initiate_order,to_branch_id
LGST_InitiateOrder,TruckQuantity,initiate_order,truck_quantity
LGST_InitiateOrderItem,,initiate_order_item,
LGST_InitiateOrderItem,CreatedBy,initiate_order_item,created_by
LGST_InitiateOrderItem,CreatedDate,initiate_order_item,created_date
LGST_InitiateOrderItem,InitiateOrderId,initiate_order_item,initiate_order_id
LGST_InitiateOrderItem,InitiateOrderItemId,initiate_order_item,initiate_order_item_id
LGST_InitiateOrderItem,InitiateOrderItemName,initiate_order_item,initiate_order_item_name
LGST_InitiateOrderItem,IsActive,initiate_order_item,is_active
LGST_InitiateOrderItem,ModifiedBy,initiate_order_item,modified_by
LGST_InitiateOrderItem,ModifiedDate,initiate_order_item,modified_date
LGST_InitiateOrderItem,Qty,initiate_order_item,qty
LGST_InitiateOrderItem,RemainingQty,initiate_order_item,remaining_qty
LGST_InitiateOrderItem,Unit,initiate_order_item,unit
LGST_InventoryCategory,,inventory_category,
LGST_InventoryCategory,CategoryId,inventory_category,category_id
LGST_InventoryCategory,CategoryName,inventory_category,category_name
LGST_InventoryCategory,CreatedBy,inventory_category,created_by
LGST_InventoryCategory,CreatedDate,inventory_category,created_date
LGST_InventoryCategory,Description,inventory_category,description
LGST_InventoryCategory,IsActive,inventory_category,is_active
LGST_InventoryCategory,ModifiedBy,inventory_category,modified_by
LGST_InventoryCategory,ModifiedDate,inventory_category,modified_date
LGST_InventoryCategory,Type,inventory_category,type
LGST_InventoryInward,,inventory_inward,
LGST_InventoryInward,BillDate,inventory_inward,bill_date
LGST_InventoryInward,BillNo,inventory_inward,bill_no
LGST_InventoryInward,CreatedBy,inventory_inward,created_by
LGST_InventoryInward,CreatedDate,inventory_inward,created_date
LGST_InventoryInward,DisscountAmt,inventory_inward,disscount_amt
LGST_InventoryInward,InwardId,inventory_inward,inward_id
LGST_InventoryInward,IsActive,inventory_inward,is_active
LGST_InventoryInward,IsReplacement,inventory_inward,is_replacement
LGST_InventoryInward,ModifiedBy,inventory_inward,modified_by
LGST_InventoryInward,ModifiedDate,inventory_inward,modified_date
LGST_InventoryInward,NetAmt,inventory_inward,net_amt
LGST_InventoryInward,POId,inventory_inward,po_id
LGST_InventoryInward,PayableAmt,inventory_inward,payable_amt
LGST_InventoryInward,PendingAmt,inventory_inward,pending_amt
LGST_InventoryInward,Remark,inventory_inward,remark
LGST_InventoryInward,ReplacementId,inventory_inward,replacement_id
LGST_InventoryInward,SupplierId,inventory_inward,supplier_id
LGST_InventoryInwardSpare,,inventory_inward_spare,
LGST_InventoryInwardSpare,BatchNo,inventory_inward_spare,batch_no
LGST_InventoryInwardSpare,GuarantyExpiryDate,inventory_inward_spare,guaranty_expiry_date
LGST_InventoryInwardSpare,InwardId,inventory_inward_spare,inward_id
LGST_InventoryInwardSpare,InwardSpareId,inventory_inward_spare,inward_spare_id
LGST_InventoryInwardSpare,IsActive,inventory_inward_spare,is_active
LGST_InventoryInwardSpare,IsGuaranty,inventory_inward_spare,is_guaranty
LGST_InventoryInwardSpare,IsWarrenty,inventory_inward_spare,is_warrenty
LGST_InventoryInwardSpare,Qty,inventory_inward_spare,qty
LGST_InventoryInwardSpare,Rate,inventory_inward_spare,rate
LGST_InventoryInwardSpare,SpareId,inventory_inward_spare,spare_id
LGST_InventoryInwardSpare,WarrentyExpiryDate,inventory_inward_spare,warrenty_expiry_date
LGST_InventoryJobCard,,inventory_job_card,
LGST_InventoryJobCard,ApprovedBy,inventory_job_card,approved_by
LGST_InventoryJobCard,CreatedBy,inventory_job_card,created_by
LGST_InventoryJobCard,CreatedDate,inventory_job_card,created_date
LGST_InventoryJobCard,DriverId,inventory_job_card,driver_id
LGST_InventoryJobCard,FinaliseDate,inventory_job_card,finalise_date
LGST_InventoryJobCard,FinalisedBy,inventory_job_card,finalised_by
LGST_InventoryJobCard,InDate,inventory_job_card,in_date
LGST_InventoryJobCard,InTime,inventory_job_card,in_time
LGST_InventoryJobCard,IsActive,inventory_job_card,is_active
LGST_InventoryJobCard,IsApproved,inventory_job_card,is_approved
LGST_InventoryJobCard,IsFinalised,inventory_job_card,is_finalised
LGST_InventoryJobCard,JobcardId,inventory_job_card,jobcard_id
LGST_InventoryJobCard,JobcardNumber,inventory_job_card,jobcard_number
LGST_InventoryJobCard,ModifiedBy,inventory_job_card,modified_by
LGST_InventoryJobCard,ModifiedDate,inventory_job_card,modified_date
LGST_InventoryJobCard,NetAmt,inventory_job_card,net_amt
LGST_InventoryJobCard,OpeningKM,inventory_job_card,opening_km
LGST_InventoryJobCard,OutDate,inventory_job_card,out_date
LGST_InventoryJobCard,OutTime,inventory_job_card,out_time
LGST_InventoryJobCard,Remark,inventory_job_card,remark
LGST_InventoryJobCard,TruckId,inventory_job_card,truck_id
LGST_InventoryJobCard,Type,inventory_job_card,type
LGST_InventoryJobCardItem,,inventory_job_card_item,
LGST_InventoryJobCardItem,Description,inventory_job_card_item,description
LGST_InventoryJobCardItem,JobcardId,inventory_job_card_item,jobcard_id
LGST_InventoryJobCardItem,JobcardItemId,inventory_job_card_item,jobcard_item_id
LGST_InventoryJobCardItem,MechanicId,inventory_job_card_item,mechanic_id
LGST_InventoryJobCardItem,Qty,inventory_job_card_item,qty
LGST_InventoryJobCardItem,Rate,inventory_job_card_item,rate
LGST_InventoryJobCardItem,ServiceBillId,inventory_job_card_item,service_bill_id
LGST_InventoryJobCardItem,SpareId,inventory_job_card_item,spare_id
LGST_InventoryJobCardItem,StockId,inventory_job_card_item,stock_id
LGST_InventoryJobCardItem,SupplierId,inventory_job_card_item,supplier_id
LGST_InventoryPOSpare,,inventory_po_spare,
LGST_InventoryPOSpare,POId,inventory_po_spare,po_id
LGST_InventoryPOSpare,POSpareId,inventory_po_spare,po_spare_id
LGST_InventoryPOSpare,Qty,inventory_po_spare,qty
LGST_InventoryPOSpare,Rate,inventory_po_spare,rate
LGST_InventoryPOSpare,SpareId,inventory_po_spare,spare_id
LGST_InventoryPaymentEntry,,inventory_payment_entry,
LGST_InventoryPaymentEntry,CreatedBy,inventory_payment_entry,created_by
LGST_InventoryPaymentEntry,CreatedDate,inventory_payment_entry,created_date
LGST_InventoryPaymentEntry,DisscountAmt,inventory_payment_entry,disscount_amt
LGST_InventoryPaymentEntry,InwardId,inventory_payment_entry,inward_id
LGST_InventoryPaymentEntry,IsActive,inventory_payment_entry,is_active
LGST_InventoryPaymentEntry,POPaymentId,inventory_payment_entry,po_payment_id
LGST_InventoryPaymentEntry,PaidAmt,inventory_payment_entry,paid_amt
LGST_InventoryPaymentEntry,PaidDate,inventory_payment_entry,paid_date
LGST_InventoryPaymentEntry,TDS,inventory_payment_entry,tds
LGST_InventoryPurchaseOrder,,inventory_purchase_order,
LGST_InventoryPurchaseOrder,ApprovedBy,inventory_purchase_order,approved_by
LGST_InventoryPurchaseOrder,CreatedBy,inventory_purchase_order,created_by
LGST_InventoryPurchaseOrder,CreatedDate,inventory_purchase_order,created_date
LGST_InventoryPurchaseOrder,Date,inventory_purchase_order,date
LGST_InventoryPurchaseOrder,IsActive,inventory_purchase_order,is_active
LGST_InventoryPurchaseOrder,IsApproved,inventory_purchase_order,is_approved
LGST_InventoryPurchaseOrder,ModifiedBy,inventory_purchase_order,modified_by
LGST_InventoryPurchaseOrder,ModifiedDate,inventory_purchase_order,modified_date
LGST_InventoryPurchaseOrder,NetAmt,inventory_purchase_order,net_amt
LGST_InventoryPurchaseOrder,POId,inventory_purchase_order,po_id
LGST_InventoryPurchaseOrder,PONumber,inventory_purchase_order,po_number
LGST_InventoryPurchaseOrder,Remark,inventory_purchase_order,remark
LGST_InventoryPurchaseOrder,SupplierId,inventory_purchase_order,supplier_id
LGST_InventoryReplacement,,inventory_replacement,
LGST_InventoryReplacement,CreatedBy,inventory_replacement,created_by
LGST_InventoryReplacement,CreatedDate,inventory_replacement,created_date
LGST_InventoryReplacement,Date,inventory_replacement,date
LGST_InventoryReplacement,IsActive,inventory_replacement,is_active
LGST_InventoryReplacement,IsPayable,inventory_replacement,is_payable
LGST_InventoryReplacement,ModifiedBy,inventory_replacement,modified_by
LGST_InventoryReplacement,ModifiedDate,inventory_replacement,modified_date
LGST_InventoryReplacement,Remark,inventory_replacement,remark
LGST_InventoryReplacement,ReplacementId,inventory_replacement,replacement_id
LGST_InventoryReplacement,ReplacementNo,inventory_replacement,replacement_no
LGST_InventoryReplacement,SupplierId,inventory_replacement,supplier_id
LGST_InventoryReplacementItems,,inventory_replacement_items,
LGST_InventoryReplacementItems,InwardId,inventory_replacement_items,inward_id
LGST_InventoryReplacementItems,InwardSpareId,inventory_replacement_items,inward_spare_id
LGST_InventoryReplacementItems,Qty,inventory_replacement_items,qty
LGST_InventoryReplacementItems,ReplacementId,inventory_replacement_items,replacement_id
LGST_InventoryReplacementItems,ReplacementItemId,inventory_replacement_items,replacement_item_id
LGST_InventoryReplacementItems,SpareId,inventory_replacement_items,spare_id
LGST_InventoryScrap,,inventory_scrap,
LGST_InventoryScrap,JobcardId,inventory_scrap,jobcard_id
LGST_InventoryScrap,ScrapId,inventory_scrap,scrap_id
LGST_InventoryScrap,SpareId,inventory_scrap,spare_id
LGST_InventoryScrap,StockId,inventory_scrap,stock_id
LGST_InventoryServiceBill,,inventory_service_bill,
LGST_InventoryServiceBill,BillDate,inventory_service_bill,bill_date
LGST_InventoryServiceBill,BillNumber,inventory_service_bill,bill_number
LGST_InventoryServiceBill,CreatedBy,inventory_service_bill,created_by
LGST_InventoryServiceBill,CreatedDate,inventory_service_bill,created_date
LGST_InventoryServiceBill,DisscountAmt,inventory_service_bill,disscount_amt
LGST_InventoryServiceBill,IsActive,inventory_service_bill,is_active
LGST_InventoryServiceBill,NetAmt,inventory_service_bill,net_amt
LGST_InventoryServiceBill,PendingAmt,inventory_service_bill,pending_amt
LGST_InventoryServiceBill,ServiceBillId,inventory_service_bill,service_bill_id
LGST_InventoryServiceBill,SupplierId,inventory_service_bill,supplier_id
LGST_InventoryServiceBill,TotalAmt,inventory_service_bill,total_amt
LGST_InventoryServicePayment,,inventory_service_payment,
LGST_InventoryServicePayment,CreatedBy,inventory_service_payment,created_by
LGST_InventoryServicePayment,CreatedDate,inventory_service_payment,created_date
LGST_InventoryServicePayment,DisscountAmt,inventory_service_payment,disscount_amt
LGST_InventoryServicePayment,IsActive,inventory_service_payment,is_active
LGST_InventoryServicePayment,PaidAmt,inventory_service_payment,paid_amt
LGST_InventoryServicePayment,PaidDate,inventory_service_payment,paid_date
LGST_InventoryServicePayment,ServiceBillId,inventory_service_payment,service_bill_id
LGST_InventoryServicePayment,ServicePaymentId,inventory_service_payment,service_payment_id
LGST_InventoryServicePayment,TDS,inventory_service_payment,tds
LGST_InventorySpare,,inventory_spare,
LGST_InventorySpare,CategoryId,inventory_spare,category_id
LGST_InventorySpare,CreatedBy,inventory_spare,created_by
LGST_InventorySpare,CreatedDate,inventory_spare,created_date
LGST_InventorySpare,Description,inventory_spare,description
LGST_InventorySpare,IsActive,inventory_spare,is_active
LGST_InventorySpare,IsBatchNo,inventory_spare,is_batch_no
LGST_InventorySpare,IsRecyclable,inventory_spare,is_recyclable
LGST_InventorySpare,MinStockCount,inventory_spare,min_stock_count
LGST_InventorySpare,ModifiedBy,inventory_spare,modified_by
LGST_InventorySpare,ModifiedDate,inventory_spare,modified_date
LGST_InventorySpare,Rate,inventory_spare,rate
LGST_InventorySpare,SpareId,inventory_spare,spare_id
LGST_InventorySpare,SpareName,inventory_spare,spare_name
LGST_InventorySpare,Type,inventory_spare,type
LGST_InventorySpare,UnitId,inventory_spare,unit_id
LGST_InventoryStock,,inventory_stock,
LGST_InventoryStock,InwardId,inventory_stock,inward_id
LGST_InventoryStock,InwardSpareId,inventory_stock,inward_spare_id
LGST_InventoryStock,IsNew,inventory_stock,is_new
LGST_InventoryStock,Qty,inventory_stock,qty
LGST_InventoryStock,Rate,inventory_stock,rate
LGST_InventoryStock,SpareId,inventory_stock,spare_id
LGST_InventoryStock,StockId,inventory_stock,stock_id
LGST_InventorySupplier,,inventory_supplier,
LGST_InventorySupplier,Address,inventory_supplier,address
LGST_InventorySupplier,CityId,inventory_supplier,city_id
LGST_InventorySupplier,ContactNo,inventory_supplier,contact_no
LGST_InventorySupplier,ContactPerson,inventory_supplier,contact_person
LGST_InventorySupplier,CreatedBy,inventory_supplier,created_by
LGST_InventorySupplier,CreatedDate,inventory_supplier,created_date
LGST_InventorySupplier,EmailId,inventory_supplier,email_id
LGST_InventorySupplier,IsActive,inventory_supplier,is_active
LGST_InventorySupplier,MobileNo,inventory_supplier,mobile_no
LGST_InventorySupplier,ModifiedBy,inventory_supplier,modified_by
LGST_InventorySupplier,ModifiedDate,inventory_supplier,modified_date
LGST_InventorySupplier,PanNo,inventory_supplier,pan_no
LGST_InventorySupplier,ShopName,inventory_supplier,shop_name
LGST_InventorySupplier,SupplierId,inventory_supplier,supplier_id
LGST_InventorySupplier,SupplierName,inventory_supplier,supplier_name
LGST_InventorySupplier,SupplierType,inventory_supplier,supplier_type
LGST_InventorySupplier,VatTinno,inventory_supplier,vat_tinno
LGST_InventoryTruckMaintenance,,inventory_truck_maintenance,
LGST_InventoryTruckMaintenance,Authorisedby,inventory_truck_maintenance,authorisedby
LGST_InventoryTruckMaintenance,Checkedby,inventory_truck_maintenance,checkedby
LGST_InventoryTruckMaintenance,CreatedDate,inventory_truck_maintenance,created_date
LGST_InventoryTruckMaintenance,Createdby,inventory_truck_maintenance,createdby
LGST_InventoryTruckMaintenance,DriverId,inventory_truck_maintenance,driver_id
LGST_InventoryTruckMaintenance,IsActive,inventory_truck_maintenance,is_active
LGST_InventoryTruckMaintenance,JobcardId,inventory_truck_maintenance,jobcard_id
LGST_InventoryTruckMaintenance,MaintenanceId,inventory_truck_maintenance,maintenance_id
LGST_InventoryTruckMaintenance,ModifiedDate,inventory_truck_maintenance,modified_date
LGST_InventoryTruckMaintenance,Modifiedby,inventory_truck_maintenance,modifiedby
LGST_InventoryTruckMaintenance,OpeningKm,inventory_truck_maintenance,opening_km
LGST_InventoryTruckMaintenance,PostingDate,inventory_truck_maintenance,posting_date
LGST_InventoryTruckMaintenance,Preparedby,inventory_truck_maintenance,preparedby
LGST_InventoryTruckMaintenance,Remark,inventory_truck_maintenance,remark
LGST_InventoryTruckMaintenance,TruckId,inventory_truck_maintenance,truck_id
LGST_InventoryTruckMaintenanceCheckList,,inventory_truck_maintenance_check_list,
LGST_InventoryTruckMaintenanceCheckList,CurrentStatus,inventory_truck_maintenance_check_list,current_status
LGST_InventoryTruckMaintenanceCheckList,Id,inventory_truck_maintenance_check_list,id
LGST_InventoryTruckMaintenanceCheckList,IsChecked,inventory_truck_maintenance_check_list,is_checked
LGST_InventoryTruckMaintenanceCheckList,MaintenanceId,inventory_truck_maintenance_check_list,maintenance_id
LGST_InventoryTruckMaintenanceCheckList,Particular,inventory_truck_maintenance_check_list,particular
LGST_InventoryTruckMaintenanceCheckList,RegardingAction,inventory_truck_maintenance_check_list,regarding_action
LGST_InventoryTruckMaintenanceCheckList,Remark,inventory_truck_maintenance_check_list,remark
LGST_Itemold,,itemold,
LGST_Itemold,CreatedBy,itemold,created_by
LGST_Itemold,CreatedDate,itemold,created_date
LGST_Itemold,IsActive,itemold,is_active
LGST_Itemold,ItemDescription,itemold,item_description
LGST_Itemold,ItemHeight,itemold,item_height
LGST_Itemold,ItemId,itemold,item_id
LGST_Itemold,ItemLength,itemold,item_length
LGST_Itemold,ItemName,itemold,item_name
LGST_Itemold,ItemPacking,itemold,item_packing
LGST_Itemold,ItemStoragePosition,itemold,item_storage_position
LGST_Itemold,ItemTypeId,itemold,item_type_id
LGST_Itemold,ItemWeight,itemold,item_weight
LGST_Itemold,ItemWidth,itemold,item_width
LGST_Itemold,ModifiedBy,itemold,modified_by
LGST_Itemold,ModifiedDate,itemold,modified_date
LGST_Itemold,PartyName,itemold,party_name
LGST_Itemold,RemarksIfAny,itemold,remarks_if_any
LGST_LRAcknowledgment,,lr_acknowledgment,
LGST_LRAcknowledgment,CourierCharge,lr_acknowledgment,courier_charge
LGST_LRAcknowledgment,CourierName,lr_acknowledgment,courier_name
LGST_LRAcknowledgment,CreatedDate,lr_acknowledgment,created_date
LGST_LRAcknowledgment,Createdby,lr_acknowledgment,createdby
LGST_LRAcknowledgment,DamageAmt,lr_acknowledgment,damage_amt
LGST_LRAcknowledgment,DetentionAmt,lr_acknowledgment,detention_amt
LGST_LRAcknowledgment,DetentionDays,lr_acknowledgment,detention_days
LGST_LRAcknowledgment,DocketNo,lr_acknowledgment,docket_no
LGST_LRAcknowledgment,IsActive,lr_acknowledgment,is_active
LGST_LRAcknowledgment,LRAckid,lr_acknowledgment,lr_ackid
LGST_LRAcknowledgment,LRDetailId,lr_acknowledgment,lr_detail_id
LGST_LRAcknowledgment,ModifiedBy,lr_acknowledgment,modified_by
LGST_LRAcknowledgment,ModifiedDate,lr_acknowledgment,modified_date
LGST_LRAcknowledgment,ReceivedDate,lr_acknowledgment,received_date
LGST_LRAcknowledgment,ReceivedTime,lr_acknowledgment,received_time
LGST_LRAcknowledgment,Remark,lr_acknowledgment,remark
LGST_LRAcknowledgmentItems,,lr_acknowledgment_items,
LGST_LRAcknowledgmentItems,DamageQty,lr_acknowledgment_items,damage_qty
LGST_LRAcknowledgmentItems,LRAckid,lr_acknowledgment_items,lr_ackid
LGST_LRAcknowledgmentItems,LRDetailId,lr_acknowledgment_items,lr_detail_id
LGST_LRAcknowledgmentItems,LRItemId,lr_acknowledgment_items,lr_item_id
LGST_LRAcknowledgmentItems,ReceivedQty,lr_acknowledgment_items,received_qty
LGST_LRAcknowledgmentItems,TotalQty,lr_acknowledgment_items,total_qty
LGST_LRAcknowledgmentItems,id,lr_acknowledgment_items,id
LGST_LRAcknowledgmentUploads,,lr_acknowledgment_uploads,
LGST_LRAcknowledgmentUploads,Caption,lr_acknowledgment_uploads,caption
LGST_LRAcknowledgmentUploads,Fid,lr_acknowledgment_uploads,fid
LGST_LRAcknowledgmentUploads,LRAckid,lr_acknowledgment_uploads,lr_ackid
LGST_LRAcknowledgmentUploads,Name,lr_acknowledgment_uploads,name
LGST_LRAcknowledgmentUploads,Path,lr_acknowledgment_uploads,path
LGST_LRAcknowledgmentUploads,Size,lr_acknowledgment_uploads,size
LGST_LRAcknowledgmentUploads,Type,lr_acknowledgment_uploads,type
LGST_LRCharges,,lr_charges,
LGST_LRCharges,CreatedBy,lr_charges,created_by
LGST_LRCharges,CreatedDate,lr_charges,created_date
LGST_LRCharges,Damage,lr_charges,damage
LGST_LRCharges,DetectionForDirectBill,lr_charges,detection_for_direct_bill
LGST_LRCharges,DetectionInwarehouse,lr_charges,detection_inwarehouse
LGST_LRCharges,EducationCoss,lr_charges,education_coss
LGST_LRCharges,FreightAdjustmentAdd,lr_charges,freight_adjustment_add
LGST_LRCharges,FreightAdjustmentSub,lr_charges,freight_adjustment_sub
LGST_LRCharges,HighEdu,lr_charges,high_edu
LGST_LRCharges,Incentive,lr_charges,incentive
LGST_LRCharges,IsActive,lr_charges,is_active
LGST_LRCharges,LRChargesId,lr_charges,lr_charges_id
LGST_LRCharges,LRDetailId,lr_charges,lr_detail_id
LGST_LRCharges,LatePenaulty,lr_charges,late_penaulty
LGST_LRCharges,ModifiedBy,lr_charges,modified_by
LGST_LRCharges,ModifiedDate,lr_charges,modified_date
LGST_LRCharges,MultipointLoad,lr_charges,multipoint_load
LGST_LRCharges,ServiceTax,lr_charges,service_tax
LGST_LRCharges,TotalAmtA,lr_charges,total_amt_a
LGST_LRCharges,TotalBillAmount,lr_charges,total_bill_amount
LGST_LRCharges,TotalC,lr_charges,total_c
LGST_LRCharges,TotalD,lr_charges,total_d
LGST_LRCharges,TotalServiceTaxB,lr_charges,total_service_tax_b
LGST_LRCharges,TotalTax,lr_charges,total_tax
LGST_LRCharges,UnloadingCharges,lr_charges,unloading_charges
LGST_LRCheckList,,lr_check_list,
LGST_LRCheckList,CreatedBy,lr_check_list,created_by
LGST_LRCheckList,CreatedDate,lr_check_list,created_date
LGST_LRCheckList,DetentionDays,lr_check_list,detention_days
LGST_LRCheckList,DetentionValue,lr_check_list,detention_value
LGST_LRCheckList,ISInvoice,lr_check_list,is_invoice
LGST_LRCheckList,ISLRCopy,lr_check_list,islr_copy
LGST_LRCheckList,IsActive,lr_check_list,is_active
LGST_LRCheckList,IsKataReceipt,lr_check_list,is_kata_receipt
LGST_LRCheckList,IsSealNo,lr_check_list,is_seal_no
LGST_LRCheckList,IsWayToBill,lr_check_list,is_way_to_bill
LGST_LRCheckList,LRCheckListId,lr_check_list,lr_check_list_id
LGST_LRCheckList,LRDetailId,lr_check_list,lr_detail_id
LGST_LRCheckList,ModifiedBy,lr_check_list,modified_by
LGST_LRCheckList,ModifiedDate,lr_check_list,modified_date
LGST_LRCheckList,TransPortPaymentEntryId,lr_check_list,trans_port_payment_entry_id
LGST_LRDelivered,,lr_delivered,
LGST_LRDelivered,CreatedBy,lr_delivered,created_by
LGST_LRDelivered,CreatedDate,lr_delivered,created_date
LGST_LRDelivered,DeliveryDate,lr_delivered,delivery_date
LGST_LRDelivered,DeliveryTime,lr_delivered,delivery_time
LGST_LRDelivered,IsActive,lr_delivered,is_active
LGST_LRDelivered,LRDeliveredId,lr_delivered,lr_delivered_id
LGST_LRDelivered,LRDetailId,lr_delivered,lr_detail_id
LGST_LRDelivered,ModifiedBy,lr_delivered,modified_by
LGST_LRDelivered,ModifiedDate,lr_delivered,modified_date
LGST_LRDelivered,Remark,lr_delivered,remark
LGST_LRDelivered,UnloadingCharges,lr_delivered,unloading_charges
LGST_LRDetail,,lr_detail,
LGST_LRDetail,BillingAmt,lr_detail,billing_amt
LGST_LRDetail,BillingUnitId,lr_detail,billing_unit_id
LGST_LRDetail,BranchId,lr_detail,branch_id
LGST_LRDetail,ChallanNo,lr_detail,challan_no
LGST_LRDetail,ChargableWeight,lr_detail,chargable_weight
LGST_LRDetail,ClientAdvance,lr_detail,client_advance
LGST_LRDetail,ClientCommision,lr_detail,client_commision
LGST_LRDetail,ClientFreight,lr_detail,client_freight
LGST_LRDetail,ClientHamali,lr_detail,client_hamali
LGST_LRDetail,ClientNetBalanceFreight,lr_detail,client_net_balance_freight
LGST_LRDetail,ClientTDS,lr_detail,client_tds
LGST_LRDetail,ClientTotalFreightAdvance,lr_detail,client_total_freight_advance
LGST_LRDetail,CompanyId,lr_detail,company_id
LGST_LRDetail,ConsigneeAddress,lr_detail,consignee_address
LGST_LRDetail,ConsigneeId,lr_detail,consignee_id
LGST_LRDetail,ConsignerAddress,lr_detail,consigner_address
LGST_LRDetail,ConsignerId,lr_detail,consigner_id
LGST_LRDetail,CreatedBy,lr_detail,created_by
LGST_LRDetail,CreatedDate,lr_detail,created_date
LGST_LRDetail,DeliveryAtAddress,lr_detail,delivery_at_address
LGST_LRDetail,DeliveryType,lr_detail,delivery_type
LGST_LRDetail,DestinationPartyName,lr_detail,destination_party_name
LGST_LRDetail,DetentionAmt,lr_detail,detention_amt
LGST_LRDetail,DriverId,lr_detail,driver_id
LGST_LRDetail,DueDate,lr_detail,due_date
LGST_LRDetail,DueTime,lr_detail,due_time
LGST_LRDetail,FreightUpdatedBy,lr_detail,freight_updated_by
LGST_LRDetail,FreightUpdatedDate,lr_detail,freight_updated_date
LGST_LRDetail,GodownId,lr_detail,godown_id
LGST_LRDetail,GoodsTotalValue,lr_detail,goods_total_value
LGST_LRDetail,IPAddress,lr_detail,ip_address
LGST_LRDetail,Indurance,lr_detail,indurance
LGST_LRDetail,InduranceCompName,lr_detail,indurance_comp_name
LGST_LRDetail,InduranceEndDate,lr_detail,indurance_end_date
LGST_LRDetail,InduranceNo,lr_detail,indurance_no
LGST_LRDetail,InduranceStartDate,lr_detail,indurance_start_date
LGST_LRDetail,InitiateOrderId,lr_detail,initiate_order_id
LGST_LRDetail,Invoices,lr_detail,invoices
LGST_LRDetail,IsActive,lr_detail,is_active
LGST_LRDetail,IsFinalLR,lr_detail,is_final_lr
LGST_LRDetail,IsFreightReturn,lr_detail,is_freight_return
LGST_LRDetail,IsGRN,lr_detail,is_grn
LGST_LRDetail,IsMultiLR,lr_detail,is_multi_lr
LGST_LRDetail,IsToPayTax,lr_detail,is_to_pay_tax
LGST_LRDetail,IsUrgent,lr_detail,is_urgent
LGST_LRDetail,IsViaHo,lr_detail,is_via_ho
LGST_LRDetail,LRDate,lr_detail,lr_date
LGST_LRDetail,LRDetailId,lr_detail,lr_detail_id
LGST_LRDetail,LRNumber,lr_detail,lr_number
LGST_LRDetail,ModifiedBy,lr_detail,modified_by
LGST_LRDetail,ModifiedDate,lr_detail,modified_date
LGST_LRDetail,NetFreight,lr_detail,net_freight
LGST_LRDetail,OpeingKmoftruck,lr_detail,opeing_kmoftruck
LGST_LRDetail,OrderBy,lr_detail,order_by
LGST_LRDetail,OrderId,lr_detail,order_id
LGST_LRDetail,OrderPreclosed,lr_detail,order_preclosed
LGST_LRDetail,OrderStatus,lr_detail,order_status
LGST_LRDetail,Paymentmode,lr_detail,paymentmode
LGST_LRDetail,PickupLoc,lr_detail,pickup_loc
LGST_LRDetail,PlaceDate,lr_detail,place_date
LGST_LRDetail,PlaceTime,lr_detail,place_time
LGST_LRDetail,Priority,lr_detail,priority
LGST_LRDetail,RPNumber,lr_detail,rp_number
LGST_LRDetail,Remark,lr_detail,remark
LGST_LRDetail,RiskType,lr_detail,risk_type
LGST_LRDetail,SealNumber,lr_detail,seal_number
LGST_LRDetail,ServicetaxPaymentmode,lr_detail,servicetax_paymentmode
LGST_LRDetail,StdTime,lr_detail,std_time
LGST_LRDetail,ToBranch,lr_detail,to_branch
LGST_LRDetail,ToRailHead,lr_detail,to_rail_head
LGST_LRDetail,TotalAdvancePaid,lr_detail,total_advance_paid
LGST_LRDetail,TotalExpenses,lr_detail,total_expenses
LGST_LRDetail,TotalFreight,lr_detail,total_freight
LGST_LRDetail,TotalPakages,lr_detail,total_pakages
LGST_LRDetail,TotalWeight,lr_detail,total_weight
LGST_LRDetail,TransporType,lr_detail,transpor_type
LGST_LRDetail,TransportBy,lr_detail,transport_by
LGST_LRDetail,TripId,lr_detail,trip_id
LGST_LRDetail,TruckId,lr_detail,truck_id
LGST_LRDetail,WeightUnitId,lr_detail,weight_unit_id
LGST_LRDetails_Status_History,,lr_details_status_history,
LGST_LRDetails_Status_History,CreatedBy,lr_details_status_history,created_by
LGST_LRDetails_Status_History,CreatedDate,lr_details_status_history,created_date
LGST_LRDetails_Status_History,IsActive,lr_details_status_history,is_active
LGST_LRDetails_Status_History,LRDetailHistoryId,lr_details_status_history,lr_detail_history_id
LGST_LRDetails_Status_History,LRDetailId,lr_details_status_history,lr_detail_id
LGST_LRDetails_Status_History,ModifiedBy,lr_details_status_history,modified_by
LGST_LRDetails_Status_History,ModifiedDate,lr_details_status_history,modified_date
LGST_LRDetails_Status_History,OrderStatus,lr_details_status_history,order_status
LGST_LRDetails_Status_History_20140929,,lr_details_status_history_20140929,
LGST_LRDetails_Status_History_20140929,CreatedBy,lr_details_status_history_20140929,created_by
LGST_LRDetails_Status_History_20140929,CreatedDate,lr_details_status_history_20140929,created_date
LGST_LRDetails_Status_History_20140929,IsActive,lr_details_status_history_20140929,is_active
LGST_LRDetails_Status_History_20140929,LRDetailHistoryId,lr_details_status_history_20140929,lr_detail_history_id
LGST_LRDetails_Status_History_20140929,LRDetailId,lr_details_status_history_20140929,lr_detail_id
LGST_LRDetails_Status_History_20140929,ModifiedBy,lr_details_status_history_20140929,modified_by
LGST_LRDetails_Status_History_20140929,ModifiedDate,lr_details_status_history_20140929,modified_date
LGST_LRDetails_Status_History_20140929,OrderStatus,lr_details_status_history_20140929,order_status
LGST_LRItem,,lr_item,
LGST_LRItem,CreatedBy,lr_item,created_by
LGST_LRItem,CreatedDate,lr_item,created_date
LGST_LRItem,DamageQty,lr_item,damage_qty
LGST_LRItem,InitiateOrderItemId,lr_item,initiate_order_item_id
LGST_LRItem,IsActive,lr_item,is_active
LGST_LRItem,LRDetailId,lr_item,lr_detail_id
LGST_LRItem,LRItemId,lr_item,lr_item_id
LGST_LRItem,LRItemName,lr_item,lr_item_name
LGST_LRItem,ModifiedBy,lr_item,modified_by
LGST_LRItem,ModifiedDate,lr_item,modified_date
LGST_LRItem,Pendingqty,lr_item,pendingqty
LGST_LRItem,Qty,lr_item,qty
LGST_LRItem,Remark,lr_item,remark
LGST_LRItem,ShortageQty,lr_item,shortage_qty
LGST_LRItem,Unit,lr_item,unit
LGST_LRTransport,,lr_transport,
LGST_LRTransport,CreatedBy,lr_transport,created_by
LGST_LRTransport,CreatedDate,lr_transport,created_date
LGST_LRTransport,DriverName,lr_transport,driver_name
LGST_LRTransport,DriverPhNumber,lr_transport,driver_ph_number
LGST_LRTransport,IsActive,lr_transport,is_active
LGST_LRTransport,LRDetailId,lr_transport,lr_detail_id
LGST_LRTransport,LRTransportId,lr_transport,lr_transport_id
LGST_LRTransport,ModifiedBy,lr_transport,modified_by
LGST_LRTransport,ModifiedDate,lr_transport,modified_date
LGST_LRTransport,PermitNo,lr_transport,permit_no
LGST_LRTransport,TransportName,lr_transport,transport_name
LGST_Labour,,labour,
LGST_Labour,BranchId,labour,branch_id
LGST_Labour,CityId,labour,city_id
LGST_Labour,ContactName,labour,contact_name
LGST_Labour,ContactPhone,labour,contact_phone
LGST_Labour,CreatedBy,labour,created_by
LGST_Labour,CreatedDate,labour,created_date
LGST_Labour,IsActive,labour,is_active
LGST_Labour,LabourAddress,labour,labour_address
LGST_Labour,LabourId,labour,labour_id
LGST_Labour,LabourName,labour,labour_name
LGST_Labour,MobilePbone,labour,mobile_pbone
LGST_Labour,ModifiedBy,labour,modified_by
LGST_Labour,ModifiedDate,labour,modified_date
LGST_Labour,No_TDS_ApplyAmount,labour,no_tds_apply_amount
LGST_Labour,PAN,labour,pan
LGST_Labour,Photo,labour,photo
LGST_Labour,RefContactNo,labour,ref_contact_no
LGST_Labour,RefPersonName,labour,ref_person_name
LGST_Labour,StartDate,labour,start_date
LGST_Labour,TDSRate,labour,tds_rate
LGST_Labour,Type,labour,type
LGST_LedgerMaster,,ledger_master,
LGST_LedgerMaster,BranchId,ledger_master,branch_id
LGST_LedgerMaster,CompanyId,ledger_master,company_id
LGST_LedgerMaster,CreatedDate,ledger_master,created_date
LGST_LedgerMaster,IsActive,ledger_master,is_active
LGST_LedgerMaster,LedgerId,ledger_master,ledger_id
LGST_LedgerMaster,LedgerName,ledger_master,ledger_name
LGST_LedgerMaster,LedgerType,ledger_master,ledger_type
LGST_ListValues,,list_values,
LGST_ListValues,CreatedBy,list_values,created_by
LGST_ListValues,CreatedDate,list_values,created_date
LGST_ListValues,IsActive,list_values,is_active
LGST_ListValues,ListValueId,list_values,list_value_id
LGST_ListValues,ModifiedBy,list_values,modified_by
LGST_ListValues,ModifiedDate,list_values,modified_date
LGST_ListValues,Text,list_values,text
LGST_ListValues,Type,list_values,type
LGST_ListValues,Value,list_values,value
LGST_LogProcess,,log_process,
LGST_LogProcess,ClosingKm,log_process,closing_km
LGST_LogProcess,CreatedDate,log_process,created_date
LGST_LogProcess,Createdby,log_process,createdby
LGST_LogProcess,DriverId,log_process,driver_id
LGST_LogProcess,EndDate,log_process,end_date
LGST_LogProcess,IsLogGenerated,log_process,is_log_generated
LGST_LogProcess,IsProcessCompleted,log_process,is_process_completed
LGST_LogProcess,LogProcessId,log_process,log_process_id
LGST_LogProcess,LogSlipNumber,log_process,log_slip_number
LGST_LogProcess,LogslipDate,log_process,logslip_date
LGST_LogProcess,ModifiedBy,log_process,modified_by
LGST_LogProcess,ModifiedDate,log_process,modified_date
LGST_LogProcess,OpeningKm,log_process,opening_km
LGST_LogProcess,PreviousDieselQty,log_process,previous_diesel_qty
LGST_LogProcess,Remark,log_process,remark
LGST_LogProcess,StartDate,log_process,start_date
LGST_LogProcess,TruckId,log_process,truck_id
LGST_LogProcess,dieselRate,log_process,diesel_rate
LGST_MR_RR,,mr_rr,
LGST_MR_RR,CreatedBy,mr_rr,created_by
LGST_MR_RR,CreatedDate,mr_rr,created_date
LGST_MR_RR,FromDate,mr_rr,from_date
LGST_MR_RR,IsActive,mr_rr,is_active
LGST_MR_RR,ModifiedBy,mr_rr,modified_by
LGST_MR_RR,ModifiedDate,mr_rr,modified_date
LGST_MR_RR,RakeType,mr_rr,rake_type
LGST_MR_RR,ToDate,mr_rr,to_date
LGST_MR_RR,VPScheduleId,mr_rr,vp_schedule_id
LGST_MR_RR,WagonCount,mr_rr,wagon_count
LGST_MR_RR,mrrr_id,mr_rr,mrrr_id
LGST_MR_RRWagons,,mr_rr_wagons,
LGST_MR_RRWagons,CreatedBy,mr_rr_wagons,created_by
LGST_MR_RRWagons,CreatedDate,mr_rr_wagons,created_date
LGST_MR_RRWagons,IsActive,mr_rr_wagons,is_active
LGST_MR_RRWagons,MRRR_Id,mr_rr_wagons,mrrr_id
LGST_MR_RRWagons,MRWagonId,mr_rr_wagons,mr_wagon_id
LGST_MR_RRWagons,MR_RRNo,mr_rr_wagons,mr_rr_no
LGST_MR_RRWagons,ModifiedBy,mr_rr_wagons,modified_by
LGST_MR_RRWagons,ModifiedDate,mr_rr_wagons,modified_date
LGST_MR_RRWagons,RailwayFreight,mr_rr_wagons,railway_freight
LGST_MR_RRWagons,SealNo,mr_rr_wagons,seal_no
LGST_MR_RRWagons,VPId,mr_rr_wagons,vp_id
LGST_MR_RRWagons,VPNo,mr_rr_wagons,vp_no
LGST_MR_RRWagons,VPScheduleId,mr_rr_wagons,vp_schedule_id
LGST_MR_RRWagons,WagonId,mr_rr_wagons,wagon_id
LGST_MR_RRWagons,WagonType,mr_rr_wagons,wagon_type
LGST_Menu,,menu,
LGST_Menu,CreatedBy,menu,created_by
LGST_Menu,CreatedDate,menu,created_date
LGST_Menu,IconClassName,menu,icon_class_name
LGST_Menu,IsActive,menu,is_active
LGST_Menu,MenuId,menu,menu_id
LGST_Menu,MenuName,menu,menu_name
LGST_Menu,MenuOrderId,menu,menu_order_id
LGST_Menu,ModifiedBy,menu,modified_by
LGST_Menu,ModifiedDate,menu,modified_date
LGST_Menu,ParentMenuId,menu,parent_menu_id
LGST_Menu,Tooltip,menu,tooltip
LGST_Menu,Url,menu,url
LGST_MenuPerRole,,menu_per_role,
LGST_MenuPerRole,CreatedBy,menu_per_role,created_by
LGST_MenuPerRole,CreatedDate,menu_per_role,created_date
LGST_MenuPerRole,IsActive,menu_per_role,is_active
LGST_MenuPerRole,MenuId,menu_per_role,menu_id
LGST_MenuPerRole,MenuPerRoleId,menu_per_role,menu_per_role_id
LGST_MenuPerRole,ModifiedBy,menu_per_role,modified_by
LGST_MenuPerRole,ModifiedDate,menu_per_role,modified_date
LGST_MenuPerRole,RoleId,menu_per_role,role_id
LGST_MenuPerRole,UserId,menu_per_role,user_id
LGST_Message,,message,
LGST_Message,Code,message,code
LGST_Message,CreatedBy,message,created_by
LGST_Message,CreatedDate,message,created_date
LGST_Message,Description,message,description
LGST_Message,IsActive,message,is_active
LGST_Message,MessageId,message,message_id
LGST_Message,ModifiedBy,message,modified_by
LGST_Message,ModifiedDate,message,modified_date
LGST_Message,Text,message,text
LGST_MonthlyFixedExpenses,,monthly_fixed_expenses,
LGST_MonthlyFixedExpenses,EMI,monthly_fixed_expenses,emi
LGST_MonthlyFixedExpenses,Fitness,monthly_fixed_expenses,fitness
LGST_MonthlyFixedExpenses,FixedExpId,monthly_fixed_expenses,fixed_exp_id
LGST_MonthlyFixedExpenses,Insurance,monthly_fixed_expenses,insurance
LGST_MonthlyFixedExpenses,Month,monthly_fixed_expenses,month
LGST_MonthlyFixedExpenses,Permit,monthly_fixed_expenses,permit
LGST_MonthlyFixedExpenses,Salary,monthly_fixed_expenses,salary
LGST_MonthlyFixedExpenses,Tax,monthly_fixed_expenses,tax
LGST_MonthlyFixedExpenses,TruckId,monthly_fixed_expenses,truck_id
LGST_MonthlyFixedExpenses,Year,monthly_fixed_expenses,year
LGST_MonthlyVariableExpenses,,monthly_variable_expenses,
LGST_MonthlyVariableExpenses,CreatedBy,monthly_variable_expenses,created_by
LGST_MonthlyVariableExpenses,CreatedDate,monthly_variable_expenses,created_date
LGST_MonthlyVariableExpenses,Date,monthly_variable_expenses,date
LGST_MonthlyVariableExpenses,Description,monthly_variable_expenses,description
LGST_MonthlyVariableExpenses,ExpenseType,monthly_variable_expenses,expense_type
LGST_MonthlyVariableExpenses,ExpensesAmt,monthly_variable_expenses,expenses_amt
LGST_MonthlyVariableExpenses,IsActive,monthly_variable_expenses,is_active
LGST_MonthlyVariableExpenses,ModifiedBy,monthly_variable_expenses,modified_by
LGST_MonthlyVariableExpenses,ModifiedDate,monthly_variable_expenses,modified_date
LGST_MonthlyVariableExpenses,MonthlyVariableExpensesId,monthly_variable_expenses,monthly_variable_expenses_id
LGST_MonthlyVariableExpenses,ReponsiblePerson,monthly_variable_expenses,reponsible_person
LGST_MonthlyVariableExpenses,VehicleNo,monthly_variable_expenses,vehicle_no
LGST_OrderExpense,,order_expense,
LGST_OrderExpense,Amount,order_expense,amount
LGST_OrderExpense,CityId,order_expense,city_id
LGST_OrderExpense,CreatedBy,order_expense,created_by
LGST_OrderExpense,CreatedDate,order_expense,created_date
LGST_OrderExpense,ExpensePaidById,order_expense,expense_paid_by_id
LGST_OrderExpense,ExpenseTypeId,order_expense,expense_type_id
LGST_OrderExpense,IsActive,order_expense,is_active
LGST_OrderExpense,LRDetailId,order_expense,lr_detail_id
LGST_OrderExpense,LogprocessId,order_expense,logprocess_id
LGST_OrderExpense,ModifiedBy,order_expense,modified_by
LGST_OrderExpense,ModifiedDate,order_expense,modified_date
LGST_OrderExpense,OrderExpenseId,order_expense,order_expense_id
LGST_OrderExpense,PaymentMode,order_expense,payment_mode
LGST_OrderExpense,PumpId,order_expense,pump_id
LGST_OrderExpense,Qty,order_expense,qty
LGST_OrderExpense,Rate,order_expense,rate
LGST_OrderExpense,TripId,order_expense,trip_id
LGST_OrderExpense,TruckId,order_expense,truck_id
LGST_OwnVehicleRateContract,,own_vehicle_rate_contract,
LGST_OwnVehicleRateContract,CreatedBy,own_vehicle_rate_contract,created_by
LGST_OwnVehicleRateContract,CreatedDate,own_vehicle_rate_contract,created_date
LGST_OwnVehicleRateContract,CustomerId,own_vehicle_rate_contract,customer_id
LGST_OwnVehicleRateContract,FromDate,own_vehicle_rate_contract,from_date
LGST_OwnVehicleRateContract,IsActive,own_vehicle_rate_contract,is_active
LGST_OwnVehicleRateContract,ModifiedBy,own_vehicle_rate_contract,modified_by
LGST_OwnVehicleRateContract,ModifiedDate,own_vehicle_rate_contract,modified_date
LGST_OwnVehicleRateContract,OwnVehicleRateContractId,own_vehicle_rate_contract,own_vehicle_rate_contract_id
LGST_OwnVehicleRateContract,Remark,own_vehicle_rate_contract,remark
LGST_OwnVehicleRateContract,ToDate,own_vehicle_rate_contract,to_date
LGST_OwnVehicleRateContract_History,,own_vehicle_rate_contract_history,
LGST_OwnVehicleRateContract_History,CreatedBy,own_vehicle_rate_contract_history,created_by
LGST_OwnVehicleRateContract_History,CreatedDate,own_vehicle_rate_contract_history,created_date
LGST_OwnVehicleRateContract_History,CustomerId,own_vehicle_rate_contract_history,customer_id
LGST_OwnVehicleRateContract_History,FromDate,own_vehicle_rate_contract_history,from_date
LGST_OwnVehicleRateContract_History,IsActive,own_vehicle_rate_contract_history,is_active
LGST_OwnVehicleRateContract_History,ModifiedBy,own_vehicle_rate_contract_history,modified_by
LGST_OwnVehicleRateContract_History,ModifiedDate,own_vehicle_rate_contract_history,modified_date
LGST_OwnVehicleRateContract_History,OwnVehicleRateContractId,own_vehicle_rate_contract_history,own_vehicle_rate_contract_id
LGST_OwnVehicleRateContract_History,OwnVehicleRateContract_History_Id,own_vehicle_rate_contract_history,own_vehicle_rate_contract_history_id
LGST_OwnVehicleRateContract_History,Remark,own_vehicle_rate_contract_history,remark
LGST_OwnVehicleRateContract_History,ToDate,own_vehicle_rate_contract_history,to_date
LGST_OwnVehicleRateMatrix,,own_vehicle_rate_matrix,
LGST_OwnVehicleRateMatrix,CreatedBy,own_vehicle_rate_matrix,created_by
LGST_OwnVehicleRateMatrix,CreatedDate,own_vehicle_rate_matrix,created_date
LGST_OwnVehicleRateMatrix,DestinationId,own_vehicle_rate_matrix,destination_id
LGST_OwnVehicleRateMatrix,IsActive,own_vehicle_rate_matrix,is_active
LGST_OwnVehicleRateMatrix,ModifiedBy,own_vehicle_rate_matrix,modified_by
LGST_OwnVehicleRateMatrix,ModifiedDate,own_vehicle_rate_matrix,modified_date
LGST_OwnVehicleRateMatrix,OwnVehicleRateContractId,own_vehicle_rate_matrix,own_vehicle_rate_contract_id
LGST_OwnVehicleRateMatrix,OwnVehicleRateMatrixId,own_vehicle_rate_matrix,own_vehicle_rate_matrix_id
LGST_OwnVehicleRateMatrix,Rate,own_vehicle_rate_matrix,rate
LGST_OwnVehicleRateMatrix,SourceId,own_vehicle_rate_matrix,source_id
LGST_OwnVehicleRateMatrix,TruckType,own_vehicle_rate_matrix,truck_type
LGST_OwnVehicleRateMatrix,Tyres,own_vehicle_rate_matrix,tyres
LGST_OwnVehicleRateMatrix_History,,own_vehicle_rate_matrix_history,
LGST_OwnVehicleRateMatrix_History,CreatedBy,own_vehicle_rate_matrix_history,created_by
LGST_OwnVehicleRateMatrix_History,CreatedDate,own_vehicle_rate_matrix_history,created_date
LGST_OwnVehicleRateMatrix_History,DestinationId,own_vehicle_rate_matrix_history,destination_id
LGST_OwnVehicleRateMatrix_History,IsActive,own_vehicle_rate_matrix_history,is_active
LGST_OwnVehicleRateMatrix_History,ModifiedBy,own_vehicle_rate_matrix_history,modified_by
LGST_OwnVehicleRateMatrix_History,ModifiedDate,own_vehicle_rate_matrix_history,modified_date
LGST_OwnVehicleRateMatrix_History,OwnVehicleRateContractId,own_vehicle_rate_matrix_history,own_vehicle_rate_contract_id
LGST_OwnVehicleRateMatrix_History,OwnVehicleRateMatrixId,own_vehicle_rate_matrix_history,own_vehicle_rate_matrix_id
LGST_OwnVehicleRateMatrix_History,OwnVehicleRateMatrix_History_Id,own_vehicle_rate_matrix_history,own_vehicle_rate_matrix_history_id
LGST_OwnVehicleRateMatrix_History,Rate,own_vehicle_rate_matrix_history,rate
LGST_OwnVehicleRateMatrix_History,SourceId,own_vehicle_rate_matrix_history,source_id
LGST_OwnVehicleRateMatrix_History,TruckType,own_vehicle_rate_matrix_history,truck_type
LGST_OwnVehicleRateMatrix_History,Tyres,own_vehicle_rate_matrix_history,tyres
LGST_Payment,,payment,
LGST_Payment,Amount,payment,amount
LGST_Payment,CreatedBy,payment,created_by
LGST_Payment,CreatedDate,payment,created_date
LGST_Payment,CustomerId,payment,customer_id
LGST_Payment,IsActive,payment,is_active
LGST_Payment,LRNumber,payment,lr_number
LGST_Payment,ModifiedBy,payment,modified_by
LGST_Payment,ModifiedDate,payment,modified_date
LGST_Payment,PaymentAs,payment,payment_as
LGST_Payment,PaymentId,payment,payment_id
LGST_Payment,PaymentMode,payment,payment_mode
LGST_Pump,,pump,
LGST_Pump,AccountName,pump,account_name
LGST_Pump,BankName,pump,bank_name
LGST_Pump,BranchIFSCCode,pump,branch_ifsc_code
LGST_Pump,CityId,pump,city_id
LGST_Pump,ContactName,pump,contact_name
LGST_Pump,ContactPhone,pump,contact_phone
LGST_Pump,CountryId,pump,country_id
LGST_Pump,CreatedBy,pump,created_by
LGST_Pump,CreatedDate,pump,created_date
LGST_Pump,CreditLimit,pump,credit_limit
LGST_Pump,CurrentDieselRate,pump,current_diesel_rate
LGST_Pump,IsActive,pump,is_active
LGST_Pump,IsBlackListed,pump,is_black_listed
LGST_Pump,ModifiedBy,pump,modified_by
LGST_Pump,ModifiedDate,pump,modified_date
LGST_Pump,PAN,pump,pan
LGST_Pump,PumpAddress,pump,pump_address
LGST_Pump,PumpFuelID,pump,pump_fuel_id
LGST_Pump,PumpId,pump,pump_id
LGST_Pump,PumpName,pump,pump_name
LGST_Pump,RateLastUpdated,pump,rate_last_updated
LGST_Pump,StateId,pump,state_id
LGST_Pump,VatTin,pump,vat_tin
LGST_Pump_Fuel_History,,pump_fuel_history,
LGST_Pump_Fuel_History,CreatedBy,pump_fuel_history,created_by
LGST_Pump_Fuel_History,CreatedDate,pump_fuel_history,created_date
LGST_Pump_Fuel_History,DateUpdated,pump_fuel_history,date_updated
LGST_Pump_Fuel_History,IsActive,pump_fuel_history,is_active
LGST_Pump_Fuel_History,ModifiedBy,pump_fuel_history,modified_by
LGST_Pump_Fuel_History,ModifiedDate,pump_fuel_history,modified_date
LGST_Pump_Fuel_History,PumpFuelID,pump_fuel_history,pump_fuel_id
LGST_Pump_Fuel_History,PumpID,pump_fuel_history,pump_id
LGST_Pump_Fuel_History,Rate,pump_fuel_history,rate
LGST_RailwayFreight,,railway_freight,
LGST_RailwayFreight,CreatedBy,railway_freight,created_by
LGST_RailwayFreight,CreatedDate,railway_freight,created_date
LGST_RailwayFreight,DestinationId,railway_freight,destination_id
LGST_RailwayFreight,IsActive,railway_freight,is_active
LGST_RailwayFreight,ModifiedBy,railway_freight,modified_by
LGST_RailwayFreight,ModifiedDate,railway_freight,modified_date
LGST_RailwayFreight,RailwayFreightId,railway_freight,railway_freight_id
LGST_RailwayFreight,RateAmt,railway_freight,rate_amt
LGST_RailwayFreight,SourceId,railway_freight,source_id
LGST_RailwayFreight,WagonId,railway_freight,wagon_id
LGST_RakeDetail,,rake_detail,
LGST_RakeDetail,ArrivalDate,rake_detail,arrival_date
LGST_RakeDetail,ArrivalTime,rake_detail,arrival_time
LGST_RakeDetail,CreatedBy,rake_detail,created_by
LGST_RakeDetail,CreatedDate,rake_detail,created_date
LGST_RakeDetail,DCHrsRK1,rake_detail,dc_hrs_rk1
LGST_RakeDetail,DCHrsRK2,rake_detail,dc_hrs_rk2
LGST_RakeDetail,DispatchDate,rake_detail,dispatch_date
LGST_RakeDetail,DispatchTime,rake_detail,dispatch_time
LGST_RakeDetail,IsActive,rake_detail,is_active
LGST_RakeDetail,IsCompleted,rake_detail,is_completed
LGST_RakeDetail,ModifiedBy,rake_detail,modified_by
LGST_RakeDetail,ModifiedDate,rake_detail,modified_date
LGST_RakeDetail,RKPlaceDate1,rake_detail,rk_place_date1
LGST_RakeDetail,RKPlaceDate2,rake_detail,rk_place_date2
LGST_RakeDetail,RKPlaceTime1,rake_detail,rk_place_time1
LGST_RakeDetail,RKPlaceTime2,rake_detail,rk_place_time2
LGST_RakeDetail,RKRemovalDate1,rake_detail,rk_removal_date1
LGST_RakeDetail,RKRemovalDate2,rake_detail,rk_removal_date2
LGST_RakeDetail,RKRemovalTime1,rake_detail,rk_removal_time1
LGST_RakeDetail,RKRemovalTime2,rake_detail,rk_removal_time2
LGST_RakeDetail,RK_id,rake_detail,rk_id
LGST_RakeDetail,ReachDate,rake_detail,reach_date
LGST_RakeDetail,ReachTime,rake_detail,reach_time
LGST_RakeDetail,UnloadDate,rake_detail,unload_date
LGST_RakeDetail,UnloadTime,rake_detail,unload_time
LGST_RakeDetail,VPScheduleId,rake_detail,vp_schedule_id
LGST_RakeStatus,,rake_status,
LGST_RakeStatus,CreatedDate,rake_status,created_date
LGST_RakeStatus,Createdby,rake_status,createdby
LGST_RakeStatus,RakeStatusId,rake_status,rake_status_id
LGST_RakeStatus,StatusRemark,rake_status,status_remark
LGST_RakeStatus,VPScheduleId,rake_status,vp_schedule_id
LGST_RateContract,,rate_contract,
LGST_RateContract,CreatedBy,rate_contract,created_by
LGST_RateContract,CreatedDate,rate_contract,created_date
LGST_RateContract,CustomerId,rate_contract,customer_id
LGST_RateContract,FromDate,rate_contract,from_date
LGST_RateContract,IsActive,rate_contract,is_active
LGST_RateContract,ModifiedBy,rate_contract,modified_by
LGST_RateContract,ModifiedDate,rate_contract,modified_date
LGST_RateContract,RateContractId,rate_contract,rate_contract_id
LGST_RateContract,Remark,rate_contract,remark
LGST_RateContract,ToDate,rate_contract,to_date
LGST_RateContract_History,,rate_contract_history,
LGST_RateContract_History,CreatedBy,rate_contract_history,created_by
LGST_RateContract_History,CreatedDate,rate_contract_history,created_date
LGST_RateContract_History,CustomerId,rate_contract_history,customer_id
LGST_RateContract_History,FromDate,rate_contract_history,from_date
LGST_RateContract_History,IsActive,rate_contract_history,is_active
LGST_RateContract_History,ModifiedBy,rate_contract_history,modified_by
LGST_RateContract_History,ModifiedDate,rate_contract_history,modified_date
LGST_RateContract_History,RateContractId,rate_contract_history,rate_contract_id
LGST_RateContract_History,RateContract_History_Id,rate_contract_history,rate_contract_history_id
LGST_RateContract_History,Remark,rate_contract_history,remark
LGST_RateContract_History,ToDate,rate_contract_history,to_date
LGST_RateMatrix,,rate_matrix,
LGST_RateMatrix,CreatedBy,rate_matrix,created_by
LGST_RateMatrix,CreatedDate,rate_matrix,created_date
LGST_RateMatrix,DestinationId,rate_matrix,destination_id
LGST_RateMatrix,GoodsId,rate_matrix,goods_id
LGST_RateMatrix,IsActive,rate_matrix,is_active
LGST_RateMatrix,Mode,rate_matrix,mode
LGST_RateMatrix,ModifiedBy,rate_matrix,modified_by
LGST_RateMatrix,ModifiedDate,rate_matrix,modified_date
LGST_RateMatrix,RateAmt,rate_matrix,rate_amt
LGST_RateMatrix,RateContractId,rate_matrix,rate_contract_id
LGST_RateMatrix,RateMatrixId,rate_matrix,rate_matrix_id
LGST_RateMatrix,RateNumber,rate_matrix,rate_number
LGST_RateMatrix,SourceId,rate_matrix,source_id
LGST_RateMatrix,StandaredTime,rate_matrix,standared_time
LGST_RateMatrix,TruckCapacity,rate_matrix,truck_capacity
LGST_RateMatrix,UnitId,rate_matrix,unit_id
LGST_RateMatrixSlab,,rate_matrix_slab,
LGST_RateMatrixSlab,IsProData,rate_matrix_slab,is_pro_data
LGST_RateMatrixSlab,RangeFrom,rate_matrix_slab,range_from
LGST_RateMatrixSlab,RangeTo,rate_matrix_slab,range_to
LGST_RateMatrixSlab,RateAmt,rate_matrix_slab,rate_amt
LGST_RateMatrixSlab,RateMatrixId,rate_matrix_slab,rate_matrix_id
LGST_RateMatrixSlab,RateSlabId,rate_matrix_slab,rate_slab_id
LGST_RateMatrix_History,,rate_matrix_history,
LGST_RateMatrix_History,CreatedBy,rate_matrix_history,created_by
LGST_RateMatrix_History,CreatedDate,rate_matrix_history,created_date
LGST_RateMatrix_History,DestinationId,rate_matrix_history,destination_id
LGST_RateMatrix_History,GoodsId,rate_matrix_history,goods_id
LGST_RateMatrix_History,IsActive,rate_matrix_history,is_active
LGST_RateMatrix_History,Mode,rate_matrix_history,mode
LGST_RateMatrix_History,ModifiedBy,rate_matrix_history,modified_by
LGST_RateMatrix_History,ModifiedDate,rate_matrix_history,modified_date
LGST_RateMatrix_History,RateAmt,rate_matrix_history,rate_amt
LGST_RateMatrix_History,RateContractId,rate_matrix_history,rate_contract_id
LGST_RateMatrix_History,RateMatrixId,rate_matrix_history,rate_matrix_id
LGST_RateMatrix_History,RateMatrix_History_Id,rate_matrix_history,rate_matrix_history_id
LGST_RateMatrix_History,RateNumber,rate_matrix_history,rate_number
LGST_RateMatrix_History,SourceId,rate_matrix_history,source_id
LGST_RateMatrix_History,TruckCapacity,rate_matrix_history,truck_capacity
LGST_RateMatrix_History,UnitId,rate_matrix_history,unit_id
LGST_Roles,,roles,
LGST_Roles,CreatedBy,roles,created_by
LGST_Roles,CreatedDate,roles,created_date
LGST_Roles,Description,roles,description
LGST_Roles,IsActive,roles,is_active
LGST_Roles,ModifiedBy,roles,modified_by
LGST_Roles,ModifiedDate,roles,modified_date
LGST_Roles,RoleId,roles,role_id
LGST_Roles,RoleName,roles,role_name
LGST_Roles,RoleUId,roles,role_u_id
LGST_SearchColumn,,search_column,
LGST_SearchColumn,CreatedBy,search_column,created_by
LGST_SearchColumn,CreatedDate,search_column,created_date
LGST_SearchColumn,IsActive,search_column,is_active
LGST_SearchColumn,ModifiedBy,search_column,modified_by
LGST_SearchColumn,ModifiedDate,search_column,modified_date
LGST_SearchColumn,SearchColumnId,search_column,search_column_id
LGST_SearchColumn,SearchColumnKey,search_column,search_column_key
LGST_SearchColumn,SearchColumnText,search_column,search_column_text
LGST_SearchColumn,SearchColumnValue,search_column,search_column_value
LGST_State,,state,
LGST_State,CountryID,state,country_id
LGST_State,CreatedBy,state,created_by
LGST_State,CreatedDate,state,created_date
LGST_State,Description,state,description
LGST_State,IsActive,state,is_active
LGST_State,ModifiedBy,state,modified_by
LGST_State,ModifiedDate,state,modified_date
LGST_State,RemarksIfAny,state,remarks_if_any
LGST_State,State,state,state
LGST_State,StateID,state,state_id
LGST_Transport,,transport,
LGST_Transport,AvailableLocations,transport,available_locations
LGST_Transport,CityId,transport,city_id
LGST_Transport,ContactName,transport,contact_name
LGST_Transport,ContractPhone,transport,contract_phone
LGST_Transport,CountryId,transport,country_id
LGST_Transport,CreatedBy,transport,created_by
LGST_Transport,CreatedDate,transport,created_date
LGST_Transport,DeclarationUrl,transport,declaration_url
LGST_Transport,IsActive,transport,is_active
LGST_Transport,IsAssociate,transport,is_associate
LGST_Transport,IsBlackListed,transport,is_black_listed
LGST_Transport,ModifiedBy,transport,modified_by
LGST_Transport,ModifiedDate,transport,modified_date
LGST_Transport,No_TDS_Apply_Amount,transport,no_tds_apply_amount
LGST_Transport,PAN,transport,pan
LGST_Transport,PANscanimage,transport,pa_nscanimage
LGST_Transport,Payable1,transport,payable1
LGST_Transport,Payable2,transport,payable2
LGST_Transport,Payable3,transport,payable3
LGST_Transport,Payable4,transport,payable4
LGST_Transport,Paymentmode,transport,paymentmode
LGST_Transport,PrimaryMobileNo,transport,primary_mobile_no
LGST_Transport,RemarksIfAny,transport,remarks_if_any
LGST_Transport,SecMobileNo,transport,sec_mobile_no
LGST_Transport,SevTaxnumber,transport,sev_taxnumber
LGST_Transport,StateId,transport,state_id
LGST_Transport,TDSRate,transport,tds_rate
LGST_Transport,TransportAdd,transport,transport_add
LGST_Transport,TransportId,transport,transport_id
LGST_Transport,TransportName,transport,transport_name
LGST_TransporterPaymentDetail,,transporter_payment_detail,
LGST_TransporterPaymentDetail,CreatedDate,transporter_payment_detail,created_date
LGST_TransporterPaymentDetail,Createdby,transporter_payment_detail,createdby
LGST_TransporterPaymentDetail,Isactive,transporter_payment_detail,isactive
LGST_TransporterPaymentDetail,ModifiedDate,transporter_payment_detail,modified_date
LGST_TransporterPaymentDetail,Modifiedby,transporter_payment_detail,modifiedby
LGST_TransporterPaymentDetail,PaybleAmt,transporter_payment_detail,payble_amt
LGST_TransporterPaymentDetail,PaymentId,transporter_payment_detail,payment_id
LGST_TransporterPaymentDetail,PaymentSlipNo,transporter_payment_detail,payment_slip_no
LGST_TransporterPaymentDetail,PaymentStatus,transporter_payment_detail,payment_status
LGST_TransporterPaymentDetail,PendingAmt,transporter_payment_detail,pending_amt
LGST_TransporterPaymentDetail,TotalAdvance,transporter_payment_detail,total_advance
LGST_TransporterPaymentDetail,TotalCommision,transporter_payment_detail,total_commision
LGST_TransporterPaymentDetail,TotalDamage,transporter_payment_detail,total_damage
LGST_TransporterPaymentDetail,TotalDetention,transporter_payment_detail,total_detention
LGST_TransporterPaymentDetail,TotalFreight,transporter_payment_detail,total_freight
LGST_TransporterPaymentDetail,TotalHamali,transporter_payment_detail,total_hamali
LGST_TransporterPaymentDetail,TotalStationary,transporter_payment_detail,total_stationary
LGST_TransporterPaymentDetail,TotalTDS,transporter_payment_detail,total_tds
LGST_TransporterPaymentDetail,TransporterId,transporter_payment_detail,transporter_id
LGST_TransporterPaymentDetails,,transporter_payment_details,
LGST_TransporterPaymentDetails,Advance,transporter_payment_details,advance
LGST_TransporterPaymentDetails,BalanceFreight,transporter_payment_details,balance_freight
LGST_TransporterPaymentDetails,Commission,transporter_payment_details,commission
LGST_TransporterPaymentDetails,CreatedBy,transporter_payment_details,created_by
LGST_TransporterPaymentDetails,CreatedDate,transporter_payment_details,created_date
LGST_TransporterPaymentDetails,DetentionDays,transporter_payment_details,detention_days
LGST_TransporterPaymentDetails,DetentionPaidby,transporter_payment_details,detention_paidby
LGST_TransporterPaymentDetails,DetentionValue,transporter_payment_details,detention_value
LGST_TransporterPaymentDetails,DriverName,transporter_payment_details,driver_name
LGST_TransporterPaymentDetails,Hamali,transporter_payment_details,hamali
LGST_TransporterPaymentDetails,InDate,transporter_payment_details,in_date
LGST_TransporterPaymentDetails,InTime,transporter_payment_details,in_time
LGST_TransporterPaymentDetails,IsActive,transporter_payment_details,is_active
LGST_TransporterPaymentDetails,Labours,transporter_payment_details,labours
LGST_TransporterPaymentDetails,LessPrinting,transporter_payment_details,less_printing
LGST_TransporterPaymentDetails,ModifiedBy,transporter_payment_details,modified_by
LGST_TransporterPaymentDetails,ModifiedDate,transporter_payment_details,modified_date
LGST_TransporterPaymentDetails,NetAmount,transporter_payment_details,net_amount
LGST_TransporterPaymentDetails,NetPaidAmt,transporter_payment_details,net_paid_amt
LGST_TransporterPaymentDetails,OutDate,transporter_payment_details,out_date
LGST_TransporterPaymentDetails,OutTime,transporter_payment_details,out_time
LGST_TransporterPaymentDetails,PaymentId,transporter_payment_details,payment_id
LGST_TransporterPaymentDetails,PaymentSlipNo,transporter_payment_details,payment_slip_no
LGST_TransporterPaymentDetails,Remark,transporter_payment_details,remark
LGST_TransporterPaymentDetails,Supervisors,transporter_payment_details,supervisors
LGST_TransporterPaymentDetails,TDS,transporter_payment_details,tds
LGST_TransporterPaymentDetails,TotalAdvFreight,transporter_payment_details,total_adv_freight
LGST_TransporterPaymentDetails,TotalFreight,transporter_payment_details,total_freight
LGST_TransporterPaymentDetails,TransportId,transporter_payment_details,transport_id
LGST_TransporterPaymentDetails,TruckId,transporter_payment_details,truck_id
LGST_TransporterPaymentEntry,,transporter_payment_entry,
LGST_TransporterPaymentEntry,AccNo_ChequeNo,transporter_payment_entry,acc_no_cheque_no
LGST_TransporterPaymentEntry,BankName,transporter_payment_entry,bank_name
LGST_TransporterPaymentEntry,ChequeDate,transporter_payment_entry,cheque_date
LGST_TransporterPaymentEntry,CreatedDate,transporter_payment_entry,created_date
LGST_TransporterPaymentEntry,Createdby,transporter_payment_entry,createdby
LGST_TransporterPaymentEntry,IsActive,transporter_payment_entry,is_active
LGST_TransporterPaymentEntry,ModifiedDate,transporter_payment_entry,modified_date
LGST_TransporterPaymentEntry,Modifiedby,transporter_payment_entry,modifiedby
LGST_TransporterPaymentEntry,PayableAmt,transporter_payment_entry,payable_amt
LGST_TransporterPaymentEntry,PaymentId,transporter_payment_entry,payment_id
LGST_TransporterPaymentEntry,PaymentMode,transporter_payment_entry,payment_mode
LGST_TransporterPaymentEntry,PendingAmt,transporter_payment_entry,pending_amt
LGST_TransporterPaymentEntry,ReceivedAmt,transporter_payment_entry,received_amt
LGST_TransporterPaymentEntry,ReceivedDate,transporter_payment_entry,received_date
LGST_TransporterPaymentEntry,Remark,transporter_payment_entry,remark
LGST_TransporterPaymentEntry,TDS,transporter_payment_entry,tds
LGST_TransporterPaymentEntry,TransPaymentId,transporter_payment_entry,trans_payment_id
LGST_TransporterPaymentLR,,transporter_payment_lr,
LGST_TransporterPaymentLR,Advance,transporter_payment_lr,advance
LGST_TransporterPaymentLR,BalanceFreight,transporter_payment_lr,balance_freight
LGST_TransporterPaymentLR,Commision,transporter_payment_lr,commision
LGST_TransporterPaymentLR,CreatedDate,transporter_payment_lr,created_date
LGST_TransporterPaymentLR,Createdby,transporter_payment_lr,createdby
LGST_TransporterPaymentLR,Damage,transporter_payment_lr,damage
LGST_TransporterPaymentLR,DetentionAmt,transporter_payment_lr,detention_amt
LGST_TransporterPaymentLR,DetentionDays,transporter_payment_lr,detention_days
LGST_TransporterPaymentLR,DetentionPaidby,transporter_payment_lr,detention_paidby
LGST_TransporterPaymentLR,Freight,transporter_payment_lr,freight
LGST_TransporterPaymentLR,Hamali,transporter_payment_lr,hamali
LGST_TransporterPaymentLR,Isactive,transporter_payment_lr,isactive
LGST_TransporterPaymentLR,LRDetailId,transporter_payment_lr,lr_detail_id
LGST_TransporterPaymentLR,ModifiedDate,transporter_payment_lr,modified_date
LGST_TransporterPaymentLR,Modifiedby,transporter_payment_lr,modifiedby
LGST_TransporterPaymentLR,PaymentId,transporter_payment_lr,payment_id
LGST_TransporterPaymentLR,PaymentLRId,transporter_payment_lr,payment_lr_id
LGST_TransporterPaymentLR,PendingFreight,transporter_payment_lr,pending_freight
LGST_TransporterPaymentLR,ReferenceNo,transporter_payment_lr,reference_no
LGST_TransporterPaymentLR,Stationary,transporter_payment_lr,stationary
LGST_TransporterPaymentLR,TDS,transporter_payment_lr,tds
LGST_TransporterPaymentPaidLR,,transporter_payment_paid_lr,
LGST_TransporterPaymentPaidLR,CreatedDate,transporter_payment_paid_lr,created_date
LGST_TransporterPaymentPaidLR,Createdby,transporter_payment_paid_lr,createdby
LGST_TransporterPaymentPaidLR,IsInvoiceNo,transporter_payment_paid_lr,is_invoice_no
LGST_TransporterPaymentPaidLR,IsKataReceipt,transporter_payment_paid_lr,is_kata_receipt
LGST_TransporterPaymentPaidLR,IsLRCopy,transporter_payment_paid_lr,is_lr_copy
LGST_TransporterPaymentPaidLR,IsSealNo,transporter_payment_paid_lr,is_seal_no
LGST_TransporterPaymentPaidLR,IsWayBill,transporter_payment_paid_lr,is_way_bill
LGST_TransporterPaymentPaidLR,LRDetailId,transporter_payment_paid_lr,lr_detail_id
LGST_TransporterPaymentPaidLR,PaymentId,transporter_payment_paid_lr,payment_id
LGST_TransporterPaymentPaidLR,TruckId,transporter_payment_paid_lr,truck_id
LGST_TransporterPaymentPaidLR,id,transporter_payment_paid_lr,id
LGST_TransporterRateMatrix,,transporter_rate_matrix,
LGST_TransporterRateMatrix,CreatedDate,transporter_rate_matrix,created_date
LGST_TransporterRateMatrix,Createdby,transporter_rate_matrix,createdby
LGST_TransporterRateMatrix,DestinationId,transporter_rate_matrix,destination_id
LGST_TransporterRateMatrix,IsActive,transporter_rate_matrix,is_active
LGST_TransporterRateMatrix,ModifiedDate,transporter_rate_matrix,modified_date
LGST_TransporterRateMatrix,Modifiedby,transporter_rate_matrix,modifiedby
LGST_TransporterRateMatrix,RateAmt,transporter_rate_matrix,rate_amt
LGST_TransporterRateMatrix,SourceId,transporter_rate_matrix,source_id
LGST_TransporterRateMatrix,TransRateMatrixId,transporter_rate_matrix,trans_rate_matrix_id
LGST_TransporterRateMatrix,TransTruckType,transporter_rate_matrix,trans_truck_type
LGST_Trip,,trip,
LGST_Trip,Advance,trip,advance
LGST_Trip,ClientId,trip,client_id
LGST_Trip,ClosingKM,trip,closing_km
LGST_Trip,CreatedBy,trip,created_by
LGST_Trip,CreatedDate,trip,created_date
LGST_Trip,DChallanId,trip,d_challan_id
LGST_Trip,Description,trip,description
LGST_Trip,DriverId,trip,driver_id
LGST_Trip,EndDate,trip,end_date
LGST_Trip,EndTime,trip,end_time
LGST_Trip,FromCityId,trip,from_city_id
LGST_Trip,IsActive,trip,is_active
LGST_Trip,IsEmpty,trip,is_empty
LGST_Trip,IsTripCompleted,trip,is_trip_completed
LGST_Trip,Isfirst,trip,isfirst
LGST_Trip,Islast,trip,islast
LGST_Trip,LRDetailId,trip,lr_detail_id
LGST_Trip,LogProcessId,trip,log_process_id
LGST_Trip,ModifiedBy,trip,modified_by
LGST_Trip,ModifiedDate,trip,modified_date
LGST_Trip,OnwardFreight,trip,onward_freight
LGST_Trip,OpeningKM,trip,opening_km
LGST_Trip,RemarksIfAny,trip,remarks_if_any
LGST_Trip,StartDate,trip,start_date
LGST_Trip,StartTime,trip,start_time
LGST_Trip,ToCItyId,trip,to_c_ity_id
LGST_Trip,TripId,trip,trip_id
LGST_Trip,TripName,trip,trip_name
LGST_Trip,TruckId,trip,truck_id
LGST_Trip,VPScheduleId,trip,vp_schedule_id
LGST_Trip,VehicleArrangeBy,trip,vehicle_arrange_by
LGST_Truck,,truck,
LGST_Truck,CFT,truck,cft
LGST_Truck,Capacity,truck,capacity
LGST_Truck,ChasisNumber,truck,chasis_number
LGST_Truck,CreatedBy,truck,created_by
LGST_Truck,CreatedDate,truck,created_date
LGST_Truck,EMI,truck,emi
LGST_Truck,EnginNumber,truck,engin_number
LGST_Truck,ExtraDieselAllowed,truck,extra_diesel_allowed
LGST_Truck,FITDate,truck,fit_date
LGST_Truck,FITDueDate,truck,fit_due_date
LGST_Truck,FITNumber,truck,fit_number
LGST_Truck,Fitness,truck,fitness
LGST_Truck,FitnessAmt,truck,fitness_amt
LGST_Truck,GPDate,truck,gp_date
LGST_Truck,GPDueDate,truck,gp_due_date
LGST_Truck,GPNumber,truck,gp_number
LGST_Truck,InsDate,truck,ins_date
LGST_Truck,InsDueDate,truck,ins_due_date
LGST_Truck,InsuranceAmt,truck,insurance_amt
LGST_Truck,InsuranceCompany,truck,insurance_company
LGST_Truck,InsuranceNumber,truck,insurance_number
LGST_Truck,IsActive,truck,is_active
LGST_Truck,IsTransist,truck,is_transist
LGST_Truck,Make,truck,make
LGST_Truck,ModifiedBy,truck,modified_by
LGST_Truck,ModifiedDate,truck,modified_date
LGST_Truck,MonthlyFixedExp,truck,monthly_fixed_exp
LGST_Truck,NPDate,truck,np_date
LGST_Truck,NPDueDate,truck,np_due_date
LGST_Truck,NpNumber,truck,np_number
LGST_Truck,PermitAmt,truck,permit_amt
LGST_Truck,PurchaseDate,truck,purchase_date
LGST_Truck,RPNo,truck,rp_no
LGST_Truck,Remarks,truck,remarks
LGST_Truck,Salary,truck,salary
LGST_Truck,StdAvg,truck,std_avg
LGST_Truck,TaxAmt,truck,tax_amt
LGST_Truck,TaxDate,truck,tax_date
LGST_Truck,TaxDueDate,truck,tax_due_date
LGST_Truck,TaxNumber,truck,tax_number
LGST_Truck,TransTruckType,truck,trans_truck_type
LGST_Truck,Transporter,truck,transporter
LGST_Truck,TruckCapacity,truck,truck_capacity
LGST_Truck,TruckId,truck,truck_id
LGST_Truck,TruckNumber,truck,truck_number
LGST_Truck,TruckType,truck,truck_type
LGST_Truck,Tyres,truck,tyres
LGST_Truck,Volumne,truck,volumne
LGST_TruckAdvancePayment,,truck_advance_payment,
LGST_TruckAdvancePayment,Amount,truck_advance_payment,amount
LGST_TruckAdvancePayment,CreatedBy,truck_advance_payment,created_by
LGST_TruckAdvancePayment,CreatedDate,truck_advance_payment,created_date
LGST_TruckAdvancePayment,IsActive,truck_advance_payment,is_active
LGST_TruckAdvancePayment,ModifiedBy,truck_advance_payment,modified_by
LGST_TruckAdvancePayment,ModifiedDate,truck_advance_payment,modified_date
LGST_TruckAdvancePayment,PaymentMode,truck_advance_payment,payment_mode
LGST_TruckAdvancePayment,PostingDate,truck_advance_payment,posting_date
LGST_TruckAdvancePayment,Remark,truck_advance_payment,remark
LGST_TruckAdvancePayment,TruckAdvancePaymentId,truck_advance_payment,truck_advance_payment_id
LGST_TruckAdvancePayment,TruckId,truck_advance_payment,truck_id
LGST_TruckExpense,,truck_expense,
LGST_TruckExpense,CreatedBy,truck_expense,created_by
LGST_TruckExpense,CreatedDate,truck_expense,created_date
LGST_TruckExpense,ExpAmount,truck_expense,exp_amount
LGST_TruckExpense,ExpDate,truck_expense,exp_date
LGST_TruckExpense,ExpRemarks,truck_expense,exp_remarks
LGST_TruckExpense,ExpenseId,truck_expense,expense_id
LGST_TruckExpense,IsActive,truck_expense,is_active
LGST_TruckExpense,ModifiedBy,truck_expense,modified_by
LGST_TruckExpense,ModifiedDate,truck_expense,modified_date
LGST_TruckExpense,RemarksIfAny,truck_expense,remarks_if_any
LGST_TruckExpense,TrkExpId,truck_expense,trk_exp_id
LGST_TruckExpense,TruckNumber,truck_expense,truck_number
LGST_TruckMaintenaceItem,,truck_maintenace_item,
LGST_TruckMaintenaceItem,CurrentStatus,truck_maintenace_item,current_status
LGST_TruckMaintenaceItem,Id,truck_maintenace_item,id
LGST_TruckMaintenaceItem,IsChecked,truck_maintenace_item,is_checked
LGST_TruckMaintenaceItem,MaintenanceId,truck_maintenace_item,maintenance_id
LGST_TruckMaintenaceItem,Particular,truck_maintenace_item,particular
LGST_TruckMaintenaceItem,RegardingAction,truck_maintenace_item,regarding_action
LGST_TruckMaintenaceItem,Remark,truck_maintenace_item,remark
LGST_TruckMaintenance,,truck_maintenance,
LGST_TruckMaintenance,Authorisedby,truck_maintenance,authorisedby
LGST_TruckMaintenance,Checkedby,truck_maintenance,checkedby
LGST_TruckMaintenance,CreatedDate,truck_maintenance,created_date
LGST_TruckMaintenance,Createdby,truck_maintenance,createdby
LGST_TruckMaintenance,DriverId,truck_maintenance,driver_id
LGST_TruckMaintenance,IsActive,truck_maintenance,is_active
LGST_TruckMaintenance,MaintenanceId,truck_maintenance,maintenance_id
LGST_TruckMaintenance,ModifiedDate,truck_maintenance,modified_date
LGST_TruckMaintenance,Modifiedby,truck_maintenance,modifiedby
LGST_TruckMaintenance,OpeningKm,truck_maintenance,opening_km
LGST_TruckMaintenance,PostingDate,truck_maintenance,posting_date
LGST_TruckMaintenance,Preparedby,truck_maintenance,preparedby
LGST_TruckMaintenance,Remark,truck_maintenance,remark
LGST_TruckMaintenance,TruckId,truck_maintenance,truck_id
LGST_Unit,,unit,
LGST_Unit,CreatedBy,unit,created_by
LGST_Unit,CreatedDate,unit,created_date
LGST_Unit,Description,unit,description
LGST_Unit,IsActive,unit,is_active
LGST_Unit,IsSlabRate,unit,is_slab_rate
LGST_Unit,ModifiedBy,unit,modified_by
LGST_Unit,ModifiedDate,unit,modified_date
LGST_Unit,RemarksIfAny,unit,remarks_if_any
LGST_Unit,UnitID,unit,unit_id
LGST_Unit,UnitName,unit,unit_name
LGST_UserPerRole,,user_per_role,
LGST_UserPerRole,CreatedBy,user_per_role,created_by
LGST_UserPerRole,CreatedDate,user_per_role,created_date
LGST_UserPerRole,IsActive,user_per_role,is_active
LGST_UserPerRole,ModifiedBy,user_per_role,modified_by
LGST_UserPerRole,ModifiedDate,user_per_role,modified_date
LGST_UserPerRole,RoleId,user_per_role,role_id
LGST_UserPerRole,UserId,user_per_role,user_id
LGST_UserPerRole,UsersPerRoleId,user_per_role,users_per_role_id
LGST_Users,,users,
LGST_Users,BranchId,users,branch_id
LGST_Users,CompanyId,users,company_id
LGST_Users,CreatedBy,users,created_by
LGST_Users,CreatedDate,users,created_date
LGST_Users,Email,users,email
LGST_Users,FirstName,users,first_name
LGST_Users,IsActive,users,is_active
LGST_Users,LastName,users,last_name
LGST_Users,LoginCount,users,login_count
LGST_Users,MiddleName,users,middle_name
LGST_Users,ModifiedBy,users,modified_by
LGST_Users,ModifiedDate,users,modified_date
LGST_Users,Password,users,password
LGST_Users,UserId,users,user_id
LGST_Users,UserName,users,user_name
LGST_VPLoadItems,,vp_load_items,
LGST_VPLoadItems,CreatedBy,vp_load_items,created_by
LGST_VPLoadItems,CreatedDate,vp_load_items,created_date
LGST_VPLoadItems,DamageQty,vp_load_items,damage_qty
LGST_VPLoadItems,GRNItemId,vp_load_items,grn_item_id
LGST_VPLoadItems,IsActive,vp_load_items,is_active
LGST_VPLoadItems,ItemId,vp_load_items,item_id
LGST_VPLoadItems,LRDetailId,vp_load_items,lr_detail_id
LGST_VPLoadItems,ModifiedBy,vp_load_items,modified_by
LGST_VPLoadItems,ModifiedDate,vp_load_items,modified_date
LGST_VPLoadItems,PendingQty,vp_load_items,pending_qty
LGST_VPLoadItems,Qty,vp_load_items,qty
LGST_VPLoadItems,VPItemId,vp_load_items,vp_item_id
LGST_VPLoadItems,VPLoadId,vp_load_items,vp_load_id
LGST_VPLoadItems_Temp,,vp_load_items_temp,
LGST_VPLoadItems_Temp,CreatedBy,vp_load_items_temp,created_by
LGST_VPLoadItems_Temp,CreatedDate,vp_load_items_temp,created_date
LGST_VPLoadItems_Temp,DamageQty,vp_load_items_temp,damage_qty
LGST_VPLoadItems_Temp,GRNItemId,vp_load_items_temp,grn_item_id
LGST_VPLoadItems_Temp,IsActive,vp_load_items_temp,is_active
LGST_VPLoadItems_Temp,ItemId,vp_load_items_temp,item_id
LGST_VPLoadItems_Temp,LRDetailId,vp_load_items_temp,lr_detail_id
LGST_VPLoadItems_Temp,ModifiedBy,vp_load_items_temp,modified_by
LGST_VPLoadItems_Temp,ModifiedDate,vp_load_items_temp,modified_date
LGST_VPLoadItems_Temp,PendingQty,vp_load_items_temp,pending_qty
LGST_VPLoadItems_Temp,Qty,vp_load_items_temp,qty
LGST_VPLoadItems_Temp,VPItemId,vp_load_items_temp,vp_item_id
LGST_VPLoadItems_Temp,VPLoadId,vp_load_items_temp,vp_load_id
LGST_VPLoading,,vp_loading,
LGST_VPLoading,BranchId,vp_loading,branch_id
LGST_VPLoading,CreatedDate,vp_loading,created_date
LGST_VPLoading,Createdby,vp_loading,createdby
LGST_VPLoading,DamageQty,vp_loading,damage_qty
LGST_VPLoading,IsActive,vp_loading,is_active
LGST_VPLoading,IsLChargePaid,vp_loading,is_l_charge_paid
LGST_VPLoading,LRDetailId,vp_loading,lr_detail_id
LGST_VPLoading,LabourId,vp_loading,labour_id
LGST_VPLoading,Labourcharge,vp_loading,labourcharge
LGST_VPLoading,LoadingDate,vp_loading,loading_date
LGST_VPLoading,MRRRWagonId,vp_loading,mrrr_wagon_id
LGST_VPLoading,ModifiedBy,vp_loading,modified_by
LGST_VPLoading,ModifiedDate,vp_loading,modified_date
LGST_VPLoading,PaymentDate,vp_loading,payment_date
LGST_VPLoading,PaymentNo,vp_loading,payment_no
LGST_VPLoading,PaymentPaidBy,vp_loading,payment_paid_by
LGST_VPLoading,SupervisorId,vp_loading,supervisor_id
LGST_VPLoading,TDSAmt,vp_loading,tds_amt
LGST_VPLoading,TDSPer,vp_loading,tds_per
LGST_VPLoading,VPId,vp_loading,vp_id
LGST_VPLoading,VPLoadId,vp_loading,vp_load_id
LGST_VPLoading,VPNo,vp_loading,vp_no
LGST_VPLoading,VPScheduleId,vp_loading,vp_schedule_id
LGST_VPLoading,WagonId,vp_loading,wagon_id
LGST_VPLoading_Temp,,vp_loading_temp,
LGST_VPLoading_Temp,BranchId,vp_loading_temp,branch_id
LGST_VPLoading_Temp,CreatedDate,vp_loading_temp,created_date
LGST_VPLoading_Temp,Createdby,vp_loading_temp,createdby
LGST_VPLoading_Temp,DamageQty,vp_loading_temp,damage_qty
LGST_VPLoading_Temp,IsActive,vp_loading_temp,is_active
LGST_VPLoading_Temp,IsLChargePaid,vp_loading_temp,is_l_charge_paid
LGST_VPLoading_Temp,LRDetailId,vp_loading_temp,lr_detail_id
LGST_VPLoading_Temp,LabourId,vp_loading_temp,labour_id
LGST_VPLoading_Temp,Labourcharge,vp_loading_temp,labourcharge
LGST_VPLoading_Temp,LoadingDate,vp_loading_temp,loading_date
LGST_VPLoading_Temp,MRRRWagonId,vp_loading_temp,mrrr_wagon_id
LGST_VPLoading_Temp,ModifiedBy,vp_loading_temp,modified_by
LGST_VPLoading_Temp,ModifiedDate,vp_loading_temp,modified_date
LGST_VPLoading_Temp,PaymentDate,vp_loading_temp,payment_date
LGST_VPLoading_Temp,PaymentNo,vp_loading_temp,payment_no
LGST_VPLoading_Temp,PaymentPaidBy,vp_loading_temp,payment_paid_by
LGST_VPLoading_Temp,SupervisorId,vp_loading_temp,supervisor_id
LGST_VPLoading_Temp,TDSAmt,vp_loading_temp,tds_amt
LGST_VPLoading_Temp,TDSPer,vp_loading_temp,tds_per
LGST_VPLoading_Temp,VPId,vp_loading_temp,vp_id
LGST_VPLoading_Temp,VPLoadId,vp_loading_temp,vp_load_id
LGST_VPLoading_Temp,VPNo,vp_loading_temp,vp_no
LGST_VPLoading_Temp,VPScheduleId,vp_loading_temp,vp_schedule_id
LGST_VPLoading_Temp,WagonId,vp_loading_temp,wagon_id
LGST_VPPlanning,,vp_planning,
LGST_VPPlanning,CreatedBy,vp_planning,created_by
LGST_VPPlanning,CreatedDate,vp_planning,created_date
LGST_VPPlanning,IsActive,vp_planning,is_active
LGST_VPPlanning,LoadingDiagramUrl,vp_planning,loading_diagram_url
LGST_VPPlanning,LoadingInstructionUrl,vp_planning,loading_instruction_url
LGST_VPPlanning,LoadingSolutionUrl,vp_planning,loading_solution_url
LGST_VPPlanning,LoadingSummaryUrl,vp_planning,loading_summary_url
LGST_VPPlanning,ModifiedBy,vp_planning,modified_by
LGST_VPPlanning,ModifiedDate,vp_planning,modified_date
LGST_VPPlanning,VPPlanId,vp_planning,vp_plan_id
LGST_VPPlanning,VPScheduleId,vp_planning,vp_schedule_id
LGST_VPPlanningItem,,vp_planning_item,
LGST_VPPlanningItem,CreatedBy,vp_planning_item,created_by
LGST_VPPlanningItem,CreatedDate,vp_planning_item,created_date
LGST_VPPlanningItem,IsActive,vp_planning_item,is_active
LGST_VPPlanningItem,ItemId,vp_planning_item,item_id
LGST_VPPlanningItem,LRDetailId,vp_planning_item,lr_detail_id
LGST_VPPlanningItem,LRItemId,vp_planning_item,lr_item_id
LGST_VPPlanningItem,ModifiedBy,vp_planning_item,modified_by
LGST_VPPlanningItem,ModifiedDate,vp_planning_item,modified_date
LGST_VPPlanningItem,Qty,vp_planning_item,qty
LGST_VPPlanningItem,RemainingQty,vp_planning_item,remaining_qty
LGST_VPPlanningItem,VPPlanningId,vp_planning_item,vp_planning_id
LGST_VPPlanningItem,VPPlanningItemId,vp_planning_item,vp_planning_item_id
LGST_VPPlanningItem,Volume,vp_planning_item,volume
LGST_VPPlanningItem,Wagon,vp_planning_item,wagon
LGST_VPPlanningItem,Weight,vp_planning_item,weight
LGST_VPSchedule,,vp_schedule,
LGST_VPSchedule,CreatedBy,vp_schedule,created_by
LGST_VPSchedule,CreatedDate,vp_schedule,created_date
LGST_VPSchedule,DestinationId,vp_schedule,destination_id
LGST_VPSchedule,FromBranchId,vp_schedule,from_branch_id
LGST_VPSchedule,IsActive,vp_schedule,is_active
LGST_VPSchedule,IsCompleted,vp_schedule,is_completed
LGST_VPSchedule,IsDDCWC,vp_schedule,is_ddcwc
LGST_VPSchedule,IsDGRN,vp_schedule,is_dgrn
LGST_VPSchedule,IsDRake,vp_schedule,is_d_rake
LGST_VPSchedule,IsFinal,vp_schedule,is_final
LGST_VPSchedule,IsMRRR,vp_schedule,is_mrrr
LGST_VPSchedule,IsRakeClosed,vp_schedule,is_rake_closed
LGST_VPSchedule,IsSDCWC,vp_schedule,is_sdcwc
LGST_VPSchedule,IsSRake,vp_schedule,is_s_rake
LGST_VPSchedule,ModifiedBy,vp_schedule,modified_by
LGST_VPSchedule,ModifiedDate,vp_schedule,modified_date
LGST_VPSchedule,RakeNo,vp_schedule,rake_no
LGST_VPSchedule,ScheduleTitle,vp_schedule,schedule_title
LGST_VPSchedule,SourceId,vp_schedule,source_id
LGST_VPSchedule,ToBranchId,vp_schedule,to_branch_id
LGST_VPSchedule,VPScheduleDate,vp_schedule,vp_schedule_date
LGST_VPSchedule,VPScheduleId,vp_schedule,vp_schedule_id
LGST_VPScheduleCount,,vp_schedule_count,
LGST_VPScheduleCount,Count,vp_schedule_count,count
LGST_VPScheduleCount,CreatedBy,vp_schedule_count,created_by
LGST_VPScheduleCount,CreatedDate,vp_schedule_count,created_date
LGST_VPScheduleCount,IsActive,vp_schedule_count,is_active
LGST_VPScheduleCount,ModifiedBy,vp_schedule_count,modified_by
LGST_VPScheduleCount,ModifiedDate,vp_schedule_count,modified_date
LGST_VPScheduleCount,VPScheduleCountId,vp_schedule_count,vp_schedule_count_id
LGST_VPScheduleCount,VPScheduleId,vp_schedule_count,vp_schedule_id
LGST_VPScheduleCount,WagonId,vp_schedule_count,wagon_id
LGST_VPScheduleCount,WagonType,vp_schedule_count,wagon_type
LGST_VehicleLoadType,,vehicle_load_type,
LGST_VehicleLoadType,CreatedBy,vehicle_load_type,created_by
LGST_VehicleLoadType,CreatedDate,vehicle_load_type,created_date
LGST_VehicleLoadType,Description,vehicle_load_type,description
LGST_VehicleLoadType,IsActive,vehicle_load_type,is_active
LGST_VehicleLoadType,ModifiedBy,vehicle_load_type,modified_by
LGST_VehicleLoadType,ModifiedDate,vehicle_load_type,modified_date
LGST_VehicleLoadType,RemarksIfAny,vehicle_load_type,remarks_if_any
LGST_VehicleLoadType,VehicleLoadTypeId,vehicle_load_type,vehicle_load_type_id
LGST_VehicleLoadType,VehicleLoadTypeName,vehicle_load_type,vehicle_load_type_name
LGST_Wagon,,wagon,
LGST_Wagon,CreatedBy,wagon,created_by
LGST_Wagon,CreatedDate,wagon,created_date
LGST_Wagon,Description,wagon,description
LGST_Wagon,Height,wagon,height
LGST_Wagon,IsActive,wagon,is_active
LGST_Wagon,Length,wagon,length
LGST_Wagon,ModifiedBy,wagon,modified_by
LGST_Wagon,ModifiedDate,wagon,modified_date
LGST_Wagon,WagonId,wagon,wagon_id
LGST_Wagon,WagonName,wagon,wagon_name
LGST_Wagon,WagonType,wagon,wagon_type
LGST_Wagon,Weight,wagon,weight
LGST_Wagon,Width,wagon,width
Results,,results,
Results,CityId,results,city_id
Results,CityName,results,city_name
Results,ClientId,results,client_id
Results,CustomerName,results,customer_name
Results,CustomrAddress,results,customr_address
Results,FromBranch,results,from_branch
Results,FromBranchAddress,results,from_branch_address
Results,FromBranchId,results,from_branch_id
Results,IODate,results,io_date
Results,IPickupDate,results,i_pickup_date
Results,InitiateOrderId,results,initiate_order_id
Results,IsOrderCompleted,results,is_order_completed
Results,OrderId,results,order_id
Results,OrderStatus,results,order_status
Results,OrderStatusID,results,order_status_id
Results,RemainingTruckQty,results,remaining_truck_qty
Results,RowNumber,results,row_number
Results,ToBranch,results,to_branch
Results,ToBranchAddress,results,to_branch_address
Results,ToBranchId,results,to_branch_id
Results,TruckQuantity,results,truck_quantity
